Price,risk_adj_ret,label
2015-04-27,0.6338269102206645,0
2015-04-28,-0.07854263868139147,0
2015-04-29,-0.8565438727646725,-1
2015-04-30,0.6337219958345817,0
2015-05-01,-1.4793843081819371,-1
2015-05-04,-2.390435513421838,-1
2015-05-05,-1.4061900509020218,-1
2015-05-06,-0.5211896989487224,0
2015-05-07,0.5068260767110803,0
2015-05-08,-2.5165591904232745,-1
2015-05-11,-1.8587376731214358,-1
2015-05-12,-2.042740040899925,-1
2015-05-13,-1.6152266845462413,-1
2015-05-14,-1.9391049995799559,-1
2015-05-15,-2.43100641910605,-1
2015-05-18,-2.21609629186048,-1
2015-05-19,-2.6355924714860386,-1
2015-05-20,-3.778543041727013,-1
2015-05-21,-3.8322584138788534,-1
2015-05-22,-2.275905335252637,-1
2015-05-26,-1.3189157927465969,-1
2015-05-27,0.19277956896279733,0
2015-05-28,-0.03978102496119606,0
2015-05-29,-2.375899850958588,-1
2015-06-01,-3.019191494730908,-1
2015-06-02,-1.072188153245006,-1
2015-06-03,-0.5210397672508975,0
2015-06-04,3.111913421864871,1
2015-06-05,2.2283880279047237,1
2015-06-08,0.764574189703288,1
2015-06-09,1.0379743386121267,1
2015-06-10,-1.5948448682695795,-1
2015-06-11,-2.9484668302690573,-1
2015-06-12,-0.40954299630755164,0
2015-06-15,-1.7682692549797576,-1
2015-06-16,-2.8587673537866722,-1
2015-06-17,-3.765288620912327,-1
2015-06-18,-3.710045680441705,-1
2015-06-19,-4.34191270347616,-1
2015-06-22,-3.652686069114816,-1
2015-06-23,-5.111637419054922,-1
2015-06-24,-5.163138616375874,-1
2015-06-25,-3.010768166914081,-1
2015-06-26,-2.3659904430270533,-1
2015-06-29,0.5744220992935267,0
2015-06-30,-0.736015637126864,0
2015-07-01,1.0745859438494967,1
2015-07-02,-0.9732699615703508,-1
2015-07-06,-1.4031980512644568,-1
2015-07-07,-2.145067771237772,-1
2015-07-08,-0.30692656149247327,0
2015-07-09,-0.7448729721547108,0
2015-07-10,-3.6646813460614207,-1
2015-07-13,-4.741734004111122,-1
2015-07-14,-0.9240005822989894,-1
2015-07-15,0.5875952366424189,0
2015-07-16,0.15501570348539315,0
2015-07-17,-5.8410579866967325,-1
2015-07-20,-7.02719090723141,-1
2015-07-21,-8.041553118151777,-1
2015-07-22,-8.55202390153535,-1
2015-07-23,-6.534521848517612,-1
2015-07-24,-6.34816590529921,-1
2015-07-27,-0.9370746011378963,-1
2015-07-28,-7.588735661247462,-1
2015-07-29,-2.8149860456613927,-1
2015-07-30,-2.7974660926749215,-1
2015-07-31,-0.09446909633272961,0
2015-08-03,0.8666095181722122,1
2015-08-04,0.8764364779623539,1
2015-08-05,-0.13575714079032425,0
2015-08-06,-1.6738752117806948,-1
2015-08-07,-2.354163868495475,-1
2015-08-10,-5.3373418063214135,-1
2015-08-11,-4.723242799859448,-1
2015-08-12,-4.1606591038401675,-1
2015-08-13,-2.4113851006544795,-1
2015-08-14,-2.0957863656467723,-1
2015-08-17,-3.2489639271381705,-1
2015-08-18,-5.8019282512134405,-1
2015-08-19,-3.065863638411788,-1
2015-08-20,-0.7051815682235997,0
2015-08-21,0.29358423363722863,0
2015-08-24,3.908736799347007,1
2015-08-25,2.5459974048513194,1
2015-08-26,0.014392781920085562,0
2015-08-27,-1.0485452112730191,-1
2015-08-28,-1.1323197933637044,-1
2015-08-31,-1.0389962224497444,-1
2015-09-01,1.0144430220596075,1
2015-09-02,0.5147007714959657,0
2015-09-03,-0.45627842668780805,0
2015-09-04,0.3953187652987843,0
2015-09-08,-0.331883352532393,0
2015-09-09,0.15853326036978876,0
2015-09-10,0.10474281193317671,0
2015-09-11,0.3463512212502608,0
2015-09-14,0.08286163910332435,0
2015-09-15,0.08291660443011437,0
2015-09-16,0.03672987453293161,0
2015-09-17,-0.3973321126879802,0
2015-09-18,3.454111964064941,1
2015-09-21,3.137353782316678,1
2015-09-22,5.066459029558341,1
2015-09-23,7.071058421769769,1
2015-09-24,8.46163138243771,1
2015-09-25,6.985334805853859,1
2015-09-28,7.716914867177095,1
2015-09-29,6.9018080279246385,1
2015-09-30,6.358070586440291,1
2015-10-01,8.25137478493431,1
2015-10-02,7.140520063955001,1
2015-10-05,4.7556276457377225,1
2015-10-06,3.25404327211544,1
2015-10-07,1.1719368740220657,1
2015-10-08,3.4906552492895475,1
2015-10-09,4.611478460501194,1
2015-10-12,2.0389859131250887,1
2015-10-13,2.26690757477134,1
2015-10-14,2.3541006760564556,1
2015-10-15,0.85745233043446,1
2015-10-16,0.3081685363926447,0
2015-10-19,5.960817577642407,1
2015-10-20,6.185079206837501,1
2015-10-21,6.084631404551198,1
2015-10-22,2.0413424099394772,1
2015-10-23,1.1891731008076816,1
2015-10-26,1.2332319149882773,1
2015-10-27,1.470009278938765,1
2015-10-28,0.03775638775549843,0
2015-10-29,-1.545943882980243,-1
2015-10-30,-2.9835236864042254,-1
2015-11-02,-2.7487492045672113,-1
2015-11-03,-4.237420363255145,-1
2015-11-04,-3.0886444750024253,-1
2015-11-05,-2.5930111419110604,-1
2015-11-06,-3.005271241932665,-1
2015-11-09,-1.2876974636528595,-1
2015-11-10,-0.3600631061877441,0
2015-11-11,-0.28644803104276295,0
2015-11-12,1.4722823674707974,1
2015-11-13,2.5602017692815777,1
2015-11-16,0.679078247678335,0
2015-11-17,-0.26727257217234884,0
2015-11-18,-1.6468113989774797,-1
2015-11-19,-0.9813192021522995,-1
2015-11-20,-2.0772135669094856,-1
2015-11-23,-3.8992707123384265,-1
2015-11-24,-4.411633931071224,-1
2015-11-25,-3.6854098341793105,-1
2015-11-27,-4.581824353391739,-1
2015-11-30,-4.31707872228192,-1
2015-12-01,-2.067548453456664,-1
2015-12-02,-0.5284949297278834,0
2015-12-03,-0.4430501449656506,0
2015-12-04,-1.5310405017860422,-1
2015-12-07,0.44982861619952785,0
2015-12-08,2.6302059064305805,1
2015-12-09,3.6047480856628535,1
2015-12-10,3.0740665916109173,1
2015-12-11,3.7274383661226715,1
2015-12-14,2.568606802882716,1
2015-12-15,-0.899185920878946,-1
2015-12-16,-0.6147683031646912,0
2015-12-17,-0.27928400994540864,0
2015-12-18,0.4723342341258234,0
2015-12-21,0.11795468780167122,0
2015-12-22,-0.8545430167370877,-1
2015-12-23,-3.646143729807051,-1
2015-12-24,-3.424887579857273,-1
2015-12-28,-2.1015074799599525,-1
2015-12-29,-2.1742050914123836,-1
2015-12-30,0.6621870893777982,0
2015-12-31,-0.3394153362680332,0
2016-01-04,-0.9796501139733235,-1
2016-01-05,-4.7619528270378915,-1
2016-01-06,-3.2900529256247375,-1
2016-01-07,0.32894498449051746,0
2016-01-08,-0.6619667075907396,0
2016-01-11,4.539640794050526,1
2016-01-12,0.13070264030990073,0
2016-01-13,1.3957022503575467,1
2016-01-14,-1.259104681506873,-1
2016-01-15,-0.8351433312364445,-1
2016-01-19,-1.128998651480087,-1
2016-01-20,3.375984858952715,1
2016-01-21,3.1365805063759793,1
2016-01-22,1.8094795540342727,1
2016-01-25,3.531579388536501,1
2016-01-26,1.8503886388181623,1
2016-01-27,2.0641329852905597,1
2016-01-28,1.3980657826664338,1
2016-01-29,1.585610845194842,1
2016-02-01,2.643159862353236,1
2016-02-02,3.8840359041329275,1
2016-02-03,2.1007394887895696,1
2016-02-04,1.4539930975110114,1
2016-02-05,1.2908642757731226,1
2016-02-08,0.35269620568790494,0
2016-02-09,0.7265736986375004,0
2016-02-10,1.4517788732359873,1
2016-02-11,1.2169011599478559,1
2016-02-12,-0.5060581030348643,0
2016-02-16,0.03389942880569257,0
2016-02-17,0.42671647280631975,0
2016-02-18,-0.035479717820759406,0
2016-02-19,-0.2879489615522186,0
2016-02-22,3.1412676352736075,1
2016-02-23,2.1047662172192645,1
2016-02-24,1.1805550819384738,1
2016-02-25,0.23114400682352854,0
2016-02-26,0.6598485432703503,0
2016-02-29,3.351346111299624,1
2016-03-01,2.0627957578278866,1
2016-03-02,0.19870906478906344,0
2016-03-03,1.8107176279504344,1
2016-03-04,2.044733637692157,1
2016-03-07,-0.8757181377318523,-1
2016-03-08,1.2791322241046048,1
2016-03-09,1.0743126972839696,1
2016-03-10,1.4314871314552042,1
2016-03-11,1.620395752380855,1
2016-03-14,1.6930461046836367,1
2016-03-15,1.5281066903039384,1
2016-03-16,0.6743359430264299,0
2016-03-17,-1.1612274959858375,-1
2016-03-18,-0.9939974268913591,-1
2016-03-21,-1.3627456648554837,-1
2016-03-22,-1.0365152696647528,-1
2016-03-23,-2.765012541130007,-1
2016-03-24,-1.498787483534219,-1
2016-03-28,-1.8021899590271346,-1
2016-03-29,-0.36174403634018437,0
2016-03-30,0.6216499195289534,0
2016-03-31,3.738702438747242,1
2016-04-01,3.364141078156242,1
2016-04-04,5.5216830826619505,1
2016-04-05,8.419669669292412,1
2016-04-06,6.5298531497297345,1
2016-04-07,6.972021194182634,1
2016-04-08,6.237887391654751,1
2016-04-11,5.3126774073684615,1
2016-04-12,4.319944237941537,1
2016-04-13,4.330001497945384,1
2016-04-14,3.026762679785325,1
2016-04-15,4.304971069499248,1
2016-04-18,4.268159511902627,1
2016-04-19,2.3393821759041784,1
2016-04-20,1.6605886328847248,1
2016-04-21,1.9536962499682142,1
2016-04-22,2.095551141486279,1
2016-04-25,2.733213630186752,1
2016-04-26,4.813286170494836,1
2016-04-27,2.523280083357999,1
2016-04-28,5.221487438098115,1
2016-04-29,1.9565564369889246,1
2016-05-02,2.6732430110657965,1
2016-05-03,5.070025234098194,1
2016-05-04,3.6043211175838814,1
2016-05-05,4.780515420276548,1
2016-05-06,3.3462438651002495,1
2016-05-09,3.148262405756117,1
2016-05-10,0.7665362228997222,1
2016-05-11,2.090467775334062,1
2016-05-12,0.18733625692951827,0
2016-05-13,1.9455044660096308,1
2016-05-16,-0.6862174909622126,0
2016-05-17,-0.35420726597472596,0
2016-05-18,-1.1435575216447245,-1
2016-05-19,-2.404623222374303,-1
2016-05-20,-0.5415789775845479,0
2016-05-23,1.4581939700064812,1
2016-05-24,1.4572900301618,1
2016-05-25,0.6471730830537452,0
2016-05-26,0.28707523393853784,0
2016-05-27,0.9691951605660976,1
2016-05-31,2.9846977406085733,1
2016-06-01,1.8203039215415877,1
2016-06-02,5.287127780692545,1
2016-06-03,4.268622258298983,1
2016-06-06,3.773422347167712,1
2016-06-07,1.3728717123858634,1
2016-06-08,0.5088485247409417,0
2016-06-09,1.5153701175467296,1
2016-06-10,-0.816133159179523,-1
2016-06-13,-2.310567675526001,-1
2016-06-14,0.6240335587065519,0
2016-06-15,3.3807889089610703,1
2016-06-16,3.600971635137883,1
2016-06-17,4.506047555572687,1
2016-06-20,2.6157492579229276,1
2016-06-21,3.747113579998378,1
2016-06-22,3.302543195247356,1
2016-06-23,3.0870387437597824,1
2016-06-24,7.837058242730716,1
2016-06-27,6.453831636940523,1
2016-06-28,4.200935843067171,1
2016-06-29,2.063296953661863,1
2016-06-30,1.0555683451632205,1
2016-07-01,0.7399748403473321,0
2016-07-05,1.1267604024954023,1
2016-07-06,-0.11851763432109513,0
2016-07-07,0.6537072788805832,0
2016-07-08,0.32903165128148554,0
2016-07-11,-1.1803822402732982,-1
2016-07-12,-3.108288431207445,-1
2016-07-13,-3.785495613031093,-1
2016-07-14,-5.2078051225602335,-1
2016-07-15,-7.6046972875188645,-1
2016-07-18,-12.470788011746896,-1
2016-07-19,-10.18828083373179,-1
2016-07-20,-9.587196422683789,-1
2016-07-21,-10.376543828009648,-1
2016-07-22,-13.50049944252402,-1
2016-07-25,-8.242050083539338,-1
2016-07-26,-4.027177476384172,-1
2016-07-27,-6.590627188842613,-1
2016-07-28,-4.853151081136784,-1
2016-07-29,-0.6482289322125567,0
2016-08-01,5.1296508789744975,1
2016-08-02,1.7641059088951738,1
2016-08-03,1.2135979376956518,1
2016-08-04,1.842009266387553,1
2016-08-05,0.8291446949944931,1
2016-08-08,0.12510664845158612,0
2016-08-09,-0.18692904194598964,0
2016-08-10,1.3287465940788512,1
2016-08-11,0.5792414996817934,0
2016-08-12,-0.4444269960471475,0
2016-08-15,0.022635689642159656,0
2016-08-16,-0.4992076887398582,0
2016-08-17,-1.3231873646153718,-1
2016-08-18,-2.8246420580725395,-1
2016-08-19,-0.5068424288686905,0
2016-08-22,0.6741568111291198,0
2016-08-23,0.6537552682808978,0
2016-08-24,1.2838562084721765,1
2016-08-25,-1.0396794449039086,-1
2016-08-26,0.031592920877358224,0
2016-08-29,-5.088006062961475,-1
2016-08-30,-5.28801435258957,-1
2016-08-31,-3.6965238748033995,-1
2016-09-01,-5.030829521213609,-1
2016-09-02,-7.65766395328897,-1
2016-09-06,-14.423734779391017,-1
2016-09-07,-8.77705138551186,-1
2016-09-08,-9.631161024055473,-1
2016-09-09,-5.623445011461133,-1
2016-09-12,-4.554370320692358,-1
2016-09-13,-2.1451609158343934,-1
2016-09-14,2.11798025806044,1
2016-09-15,1.2568618721607383,1
2016-09-16,2.929721603334038,1
2016-09-19,2.8283032232628615,1
2016-09-20,3.419725330996139,1
2016-09-21,3.691954672990175,1
2016-09-22,3.205995025160452,1
2016-09-23,3.177442767459434,1
2016-09-26,6.104023071626165,1
2016-09-27,5.342937102023095,1
2016-09-28,0.3398053296561036,0
2016-09-29,0.07077801742355026,0
2016-09-30,-0.5144223758008557,0
2016-10-03,-0.3697888230667091,0
2016-10-04,0.38023566002159565,0
2016-10-05,0.1292207871403329,0
2016-10-06,0.12930983104878482,0
2016-10-07,-0.09130622241356026,0
2016-10-10,-1.1334515391430258,-1
2016-10-11,-0.742394194172076,0
2016-10-12,-0.02821587210676801,0
2016-10-13,0.44420369593216147,0
2016-10-14,-2.147929502416808,-1
2016-10-17,-4.1876319579220045,-1
2016-10-18,-4.056346183482853,-1
2016-10-19,-5.105373342706823,-1
2016-10-20,-5.079568721882457,-1
2016-10-21,-4.393880173591045,-1
2016-10-24,-2.0367518699844607,-1
2016-10-25,-1.5649575068874637,-1
2016-10-26,-0.20259755729268772,0
2016-10-27,2.5267789752338135,1
2016-10-28,5.546252239318212,1
2016-10-31,3.7548461593975606,1
2016-11-01,4.774592675543716,1
2016-11-02,3.67930080015981,1
2016-11-03,2.906683909098938,1
2016-11-04,3.0425450240728265,1
2016-11-07,2.1812729010431853,1
2016-11-08,1.2702434111442478,1
2016-11-09,0.6002798742376788,0
2016-11-10,0.060040167271730324,0
2016-11-11,0.682466238467061,0
2016-11-14,0.6042708623084118,0
2016-11-15,0.5352503970741037,0
2016-11-16,1.5313138286575598,1
2016-11-17,1.7100812288802725,1
2016-11-18,2.0157096921737496,1
2016-11-21,0.9701062723515769,1
2016-11-22,1.3878804006413232,1
2016-11-23,1.410494540384977,1
2016-11-25,1.9696676328348766,1
2016-11-28,4.932682771114076,1
2016-11-29,8.241243428622415,1
2016-11-30,3.917996653227244,1
2016-12-01,4.52462185169662,1
2016-12-02,5.8704425436686485,1
2016-12-05,4.320123301916811,1
2016-12-06,4.197334463591429,1
2016-12-07,3.7680590161831358,1
2016-12-08,4.237251260034086,1
2016-12-09,2.8191432399901193,1
2016-12-12,-0.35687087913742493,0
2016-12-13,-2.845137389538599,-1
2016-12-14,-0.30262411316856985,0
2016-12-15,-0.585058335281994,0
2016-12-16,-0.27073908938174285,0
2016-12-19,-0.5080161914561411,0
2016-12-20,-1.6971633370676202,-1
2016-12-21,-1.606874238046853,-1
2016-12-22,-3.4191956897778466,-1
2016-12-23,-4.252442341019649,-1
2016-12-27,-3.5162377632870903,-1
2016-12-28,-4.347314984443085,-1
2016-12-29,-5.558456038309246,-1
2016-12-30,-7.515386292216198,-1
2017-01-03,-12.438666071891726,-1
2017-01-04,-12.429188704113463,-1
2017-01-05,-5.802683026615238,-1
2017-01-06,-5.813988964983245,-1
2017-01-09,-3.2579221168928805,-1
2017-01-10,-0.9108935785929035,-1
2017-01-11,-1.7592860572279205,-1
2017-01-12,-1.0424958203011723,-1
2017-01-13,-1.8704394680452623,-1
2017-01-17,-4.3174121761032955,-1
2017-01-18,-3.6813073849829405,-1
2017-01-19,-1.4800241687404108,-1
2017-01-20,-2.5176493512432345,-1
2017-01-23,-1.6378968947982355,-1
2017-01-24,-2.2479207494715117,-1
2017-01-25,-3.208245845632796,-1
2017-01-26,-3.2488175575110074,-1
2017-01-27,-2.550440313761895,-1
2017-01-30,-1.2782311117860055,-1
2017-01-31,-0.3599641637800052,0
2017-02-01,1.2331385632883645,1
2017-02-02,-0.5017911480248716,0
2017-02-03,-1.4478746624749481,-1
2017-02-06,-1.1850901093261565,-1
2017-02-07,-2.142745691539889,-1
2017-02-08,0.5911198606422362,0
2017-02-09,-1.5511887214669757,-1
2017-02-10,-1.9244677006536568,-1
2017-02-13,-2.8052816878740763,-1
2017-02-14,0.3249718196110723,0
2017-02-15,0.2570295310210653,0
2017-02-16,0.3604744050729943,0
2017-02-17,2.119981268567968,1
2017-02-21,1.196585335479069,1
2017-02-22,0.19131557721902015,0
2017-02-23,-0.18812208179958673,0
2017-02-24,0.8416764547835652,1
2017-02-27,-0.18174358380531788,0
2017-02-28,-0.5203114249108655,0
2017-03-01,-1.6583601537928785,-1
2017-03-02,-1.4250942485670968,-1
2017-03-03,-0.5398337311140291,0
2017-03-06,-0.9724219441462145,-1
2017-03-07,-0.8291706079712293,-1
2017-03-08,0.8823053731074759,1
2017-03-09,0.20733652937950744,0
2017-03-10,-0.42399444736622777,0
2017-03-13,-0.1973193698699388,0
2017-03-14,1.002761526683285,1
2017-03-15,0.02305838536232051,0
2017-03-16,2.2349044106899236,1
2017-03-17,0.013874526891090403,0
2017-03-20,0.103646937456117,0
2017-03-21,0.8193017552848901,1
2017-03-22,1.1761353700563382,1
2017-03-23,2.6651853715276665,1
2017-03-24,4.027357748915239,1
2017-03-27,4.354677834361276,1
2017-03-28,2.316488064806786,1
2017-03-29,2.1367846254445046,1
2017-03-30,-6.446427854667094,-1
2017-03-31,-0.7005873952829014,0
2017-04-03,-1.2092162466999303,-1
2017-04-04,-2.2201445290514235,-1
2017-04-05,-1.7875464858155745,-1
2017-04-06,-2.715006406529365,-1
2017-04-07,-1.9156113699189419,-1
2017-04-10,-1.6757126394361037,-1
2017-04-11,-1.727785626726282,-1
2017-04-12,-2.050624056158584,-1
2017-04-13,-0.048738606648624824,0
2017-04-17,0.6750219613208954,0
2017-04-18,2.029842993723571,1
2017-04-19,4.331691068089295,1
2017-04-20,1.2316562678439043,1
2017-04-21,2.426125338249099,1
2017-04-24,3.5102313349350185,1
2017-04-25,1.0523046028765712,1
2017-04-26,2.207038578191122,1
2017-04-27,3.660115597734077,1
2017-04-28,2.9101203574976204,1
2017-05-01,3.342903414599378,1
2017-05-02,2.7155678943555888,1
2017-05-03,0.14948204063156542,0
2017-05-04,2.2967466965607226,1
2017-05-05,1.2670404707878526,1
2017-05-08,0.33116177189177,0
2017-05-09,1.8259918216766018,1
2017-05-10,0.640280855060519,0
2017-05-11,-1.4610954135006142,-1
2017-05-12,-1.6521699580576223,-1
2017-05-15,-2.7905947683464065,-1
2017-05-16,-3.404225678481217,-1
2017-05-17,-2.11511335922435,-1
2017-05-18,-3.6708580744623105,-1
2017-05-19,-3.6029542098609606,-1
2017-05-22,-2.1796570567519726,-1
2017-05-23,-3.918296743358345,-1
2017-05-24,-4.4477200288799095,-1
2017-05-25,1.0032857438224267,1
2017-05-26,4.081938829258728,1
2017-05-30,5.504200815458867,1
2017-05-31,4.784467945730252,1
2017-06-01,4.381770197562273,1
2017-06-02,11.443103878600462,1
2017-06-05,5.410643623718468,1
2017-06-06,1.988374878080385,1
2017-06-07,0.791961697554219,1
2017-06-08,0.7028686092802672,0
2017-06-09,-0.7798500979056493,-1
2017-06-12,-1.9948586452418318,-1
2017-06-13,-2.114701976029089,-1
2017-06-14,-0.6415284891739277,0
2017-06-15,-1.7802216814246536,-1
2017-06-16,-3.1033500056151433,-1
2017-06-19,-0.8367733473114704,-1
2017-06-20,-1.7090722689290434,-1
2017-06-21,-1.6179502986778889,-1
2017-06-22,-0.9984748756590334,-1
2017-06-23,-1.6660977984586796,-1
2017-06-26,-0.8834983089828822,-1
2017-06-27,-0.22582662313654836,0
2017-06-28,-0.8427143635764484,-1
2017-06-29,0.9152418298728421,1
2017-06-30,0.19373803079747864,0
2017-07-03,-3.053266253698893,-1
2017-07-05,0.0,0
2017-07-06,0.9692928481887199,1
2017-07-07,-0.1328490205748868,0
2017-07-10,-0.38641025917922645,0
2017-07-11,-0.45569068779855476,0
2017-07-12,-0.7923944000457213,-1
2017-07-13,-0.18526639866971548,0
2017-07-14,-2.25932369198938,-1
2017-07-17,-1.1816432878657606,-1
2017-07-18,-0.6072766465016599,0
2017-07-19,-0.4732886694330993,0
2017-07-20,-0.9827107496677884,-1
2017-07-21,0.32875436392819446,0
2017-07-24,0.7787112320196362,1
2017-07-25,-0.8117217188402277,-1
2017-07-26,-0.4240528653231435,0
2017-07-27,-3.0594085956096553,-1
2017-07-28,-1.6279348082479859,-1
2017-07-31,-1.9999484595155785,-1
2017-08-01,-2.4927447577332376,-1
2017-08-02,-4.296596184277367,-1
2017-08-03,-6.162794320795507,-1
2017-08-04,-5.004169678126972,-1
2017-08-07,-5.862342859199327,-1
2017-08-08,-4.856478012591328,-1
2017-08-09,-5.7358883197634905,-1
2017-08-10,-5.31217551905912,-1
2017-08-11,-3.095406117018791,-1
2017-08-14,-4.615253726203483,-1
2017-08-15,-4.656685488217223,-1
2017-08-16,-4.152056621740198,-1
2017-08-17,0.24321022659664238,0
2017-08-18,-0.16833057214144218,0
2017-08-21,1.6912746260181373,1
2017-08-22,4.352114640194672,1
2017-08-23,4.726657227289347,1
2017-08-24,5.139040713163933,1
2017-08-25,5.237554410832732,1
2017-08-28,6.196051968769694,1
2017-08-29,6.828598257172074,1
2017-08-30,8.20531888479894,1
2017-08-31,7.9087189971147955,1
2017-09-01,11.58781320836257,1
2017-09-05,10.496893082245888,1
2017-09-06,5.204572371684468,1
2017-09-07,1.4371635880617208,1
2017-09-08,1.8817772120474465,1
2017-09-11,2.981807662393871,1
2017-09-12,2.384741597226276,1
2017-09-13,2.986493095068735,1
2017-09-14,3.8453677229768553,1
2017-09-15,3.9235702172726965,1
2017-09-18,3.05658584858045,1
2017-09-19,2.9805657959731664,1
2017-09-20,2.4143797694289417,1
2017-09-21,10.82457337357486,1
2017-09-22,5.4971416849053405,1
2017-09-25,3.348531079727268,1
2017-09-26,3.192812258502713,1
2017-09-27,2.6667020787418094,1
2017-09-28,0.5218544185728653,0
2017-09-29,0.8690436708030139,1
2017-10-02,2.3319976857992706,1
2017-10-03,2.2485769155485653,1
2017-10-04,1.816827345978097,1
2017-10-05,1.3514749447247956,1
2017-10-06,3.1037833645050608,1
2017-10-09,2.5186320550866625,1
2017-10-10,3.2789789268631537,1
2017-10-11,1.5602453449199178,1
2017-10-12,3.025619952215304,1
2017-10-13,4.898840413190471,1
2017-10-16,2.869347114444895,1
2017-10-17,1.658298437299576,1
2017-10-18,4.727780342928809,1
2017-10-19,3.0985449851986453,1
2017-10-20,0.2758797050798073,0
2017-10-23,2.223837919951334,1
2017-10-24,0.49867272741953816,0
2017-10-25,1.3657351659428287,1
2017-10-26,2.071319456148927,1
2017-10-27,-0.010152175565393804,0
2017-10-30,0.4943964930505212,0
2017-10-31,-1.502698285214905,-1
2017-11-01,-7.765963075624784,-1
2017-11-02,-8.209122190508106,-1
2017-11-03,-7.239494974855407,-1
2017-11-06,-7.818161456866362,-1
2017-11-07,-5.444424070794624,-1
2017-11-08,-4.49897465489102,-1
2017-11-09,-5.1549705015584175,-1
2017-11-10,-4.995440359184518,-1
2017-11-13,-3.284361703428114,-1
2017-11-14,0.08234002546665806,0
2017-11-15,5.048280688793574,1
2017-11-16,6.244412915889554,1
2017-11-17,6.883637163735921,1
2017-11-20,4.823143876190096,1
2017-11-21,3.1389220854774993,1
2017-11-22,2.992633690042821,1
2017-11-24,2.458251065953859,1
2017-11-27,3.989802050857237,1
2017-11-28,2.24333075569436,1
2017-11-29,1.5625866824831254,1
2017-11-30,-0.6960208399995496,0
2017-12-01,-0.8392611669820004,-1
2017-12-04,-1.531873577194903,-1
2017-12-05,-1.2737169406773767,-1
2017-12-06,1.2453035347652712,1
2017-12-07,2.3944656697498976,1
2017-12-08,2.4061939161143906,1
2017-12-11,1.74871699705307,1
2017-12-12,2.182203147647656,1
2017-12-13,1.7140649256556764,1
2017-12-14,1.4714356963058135,1
2017-12-15,5.197353410087262,1
2017-12-18,9.836789044645313,1
2017-12-19,11.637688891328672,1
2017-12-20,11.090237712689982,1
2017-12-21,10.27962477001558,1
2017-12-22,6.449240752006294,1
2017-12-26,4.836789559549877,1
2017-12-27,7.106178380123227,1
2017-12-28,8.484129842806514,1
2017-12-29,8.295753788305749,1
2018-01-02,6.993901351681309,1
2018-01-03,1.1927786199536692,1
2018-01-04,0.43397819888142936,0
2018-01-05,2.146327958437503,1
2018-01-08,1.6080731795260426,1
2018-01-09,2.572686255223946,1
2018-01-10,3.21475886411786,1
2018-01-11,2.6502705965852322,1
2018-01-12,0.6104220195022871,0
2018-01-16,-0.2378149959206082,0
2018-01-17,-0.8473825378871768,-1
2018-01-18,2.138365841352806,1
2018-01-19,-4.19604492312425,-1
2018-01-22,-13.28895094283944,-1
2018-01-23,-13.732873079816532,-1
2018-01-24,-16.057336776187167,-1
2018-01-25,-17.58615793902854,-1
2018-01-26,-19.248482986118187,-1
2018-01-29,-17.5224767055061,-1
2018-01-30,-14.009479050556674,-1
2018-01-31,-12.776386807676646,-1
2018-02-01,-16.315495860588914,-1
2018-02-02,-8.252962365298846,-1
2018-02-05,-2.0317679858301565,-1
2018-02-06,-1.3664888910235744,-1
2018-02-07,-0.15833889474970053,0
2018-02-08,1.2078111211599005,1
2018-02-09,1.6692097557729657,1
2018-02-12,0.5860053900239263,0
2018-02-13,-0.2911734944028825,0
2018-02-14,-0.647681660619848,0
2018-02-15,-0.34401840943980816,0
2018-02-16,-0.15455010361471896,0
2018-02-20,0.2930495841060448,0
2018-02-21,-0.8713830979385077,-1
2018-02-22,-2.571482979562839,-1
2018-02-23,-4.4130493382755,-1
2018-02-26,-4.448995248421737,-1
2018-02-27,-3.4363171242041592,-1
2018-02-28,-2.205635987114696,-1
2018-03-01,-0.6944294538998106,0
2018-03-02,-0.37858664339711534,0
2018-03-05,-1.8356785803129982,-1
2018-03-06,-1.8638919896632777,-1
2018-03-07,0.699048072100637,0
2018-03-08,-0.4981617686180447,0
2018-03-09,-1.392043926291175,-1
2018-03-12,-1.1705267011029257,-1
2018-03-13,-0.8579657890270908,-1
2018-03-14,-0.8667784427238155,-1
2018-03-15,0.23220178796453492,0
2018-03-16,-2.1631017655731895,-1
2018-03-19,0.9745975874110411,1
2018-03-20,0.9868239443960078,1
2018-03-21,1.0845133243567031,1
2018-03-22,1.8235516957410862,1
2018-03-23,2.206581833672256,1
2018-03-26,3.3806068780681513,1
2018-03-27,3.8851892779330544,1
2018-03-28,4.741204746539886,1
2018-03-29,3.3993210898218775,1
2018-04-02,4.928967948140614,1
2018-04-03,2.8510441154162,1
2018-04-04,3.3947349389582646,1
2018-04-05,2.6137396894365588,1
2018-04-06,3.204683456525658,1
2018-04-09,3.8002146348950037,1
2018-04-10,1.0283731109286087,1
2018-04-11,1.4945640264758124,1
2018-04-12,2.6706761675482857,1
2018-04-13,-0.03808448884748994,0
2018-04-16,-0.6451219297793231,0
2018-04-17,-1.3194295489815482,-1
2018-04-18,-2.5213374478382065,-1
2018-04-19,-3.0045438880827184,-1
2018-04-20,-2.290612949219479,-1
2018-04-23,-2.2822019244640037,-1
2018-04-24,-0.3351427502192316,0
2018-04-25,0.6600984648171322,0
2018-04-26,1.1618046360374417,1
2018-04-27,5.563954758930325,1
2018-04-30,3.7974176028230424,1
2018-05-01,4.511471879467499,1
2018-05-02,4.747266547734645,1
2018-05-03,5.050915029861581,1
2018-05-04,4.288137374417865,1
2018-05-07,4.310860717742921,1
2018-05-08,3.433323316541707,1
2018-05-09,2.424935229640116,1
2018-05-10,-0.4610005170297815,0
2018-05-11,-1.8031972525776783,-1
2018-05-14,-3.8335481592703724,-1
2018-05-15,-0.3323766027041294,0
2018-05-16,-1.0166461095413435,-1
2018-05-17,-0.06819341206307546,0
2018-05-18,-0.46471360493681596,0
2018-05-21,-1.9610252960515215,-1
2018-05-22,0.5156920141790745,0
2018-05-23,0.8086540022554546,1
2018-05-24,4.600440814268938,1
2018-05-25,5.601109688817903,1
2018-05-29,4.503995567938026,1
2018-05-30,0.011389906528260142,0
2018-05-31,0.4566294700107783,0
2018-06-01,-0.8165979535473784,-1
2018-06-04,-0.10474280520733281,0
2018-06-05,0.01386679769733345,0
2018-06-06,-1.130636679213453,-1
2018-06-07,-2.11827374831629,-1
2018-06-08,-1.4482691315878045,-1
2018-06-11,-2.4696130287359566,-1
2018-06-12,-1.4711100505998893,-1
2018-06-13,0.1629384397279027,0
2018-06-14,0.09887213438718381,0
2018-06-15,2.5903551851479008,1
2018-06-18,1.0798203374720305,1
2018-06-19,1.8509564195283024,1
2018-06-20,2.2549032100958732,1
2018-06-21,3.974626015454604,1
2018-06-22,2.503194612665754,1
2018-06-25,4.766910000295927,1
2018-06-26,2.066260024278629,1
2018-06-27,0.9571445044411915,1
2018-06-28,1.261692628173167,1
2018-06-29,-0.22469335303508572,0
2018-07-02,0.5612647854369525,0
2018-07-03,-0.01897849179937124,0
2018-07-05,-0.28348596694404443,0
2018-07-06,-0.8863479178137359,-1
2018-07-09,-1.4955282001103873,-1
2018-07-10,-0.740713932080604,0
2018-07-11,1.6743064733371718,1
2018-07-12,2.1537360667161063,1
2018-07-13,-2.1322080177618483,-1
2018-07-16,-1.1279434493764555,-1
2018-07-17,-1.1688043652025557,-1
2018-07-18,-3.030577924784147,-1
2018-07-19,-3.5934936237792576,-1
2018-07-20,-2.0584486070987986,-1
2018-07-23,-1.9993883444212688,-1
2018-07-24,-3.005884244525539,-1
2018-07-25,-3.694693009704007,-1
2018-07-26,-5.487251839353567,-1
2018-07-27,-2.3506528260472868,-1
2018-07-30,-2.326177452225068,-1
2018-07-31,-2.4192319476137216,-1
2018-08-01,-2.721662078376231,-1
2018-08-02,-1.0805076436026406,-1
2018-08-03,-1.098316318986748,-1
2018-08-06,-0.5400475915806572,0
2018-08-07,-1.5563240713254918,-1
2018-08-08,0.05729517672350464,0
2018-08-09,-0.4610299548024008,0
2018-08-10,0.23397704480239295,0
2018-08-13,3.2605627309365777,1
2018-08-14,3.2657984134059497,1
2018-08-15,6.613819853993595,1
2018-08-16,3.85288370816332,1
2018-08-17,2.476252803498336,1
2018-08-20,1.90850443100319,1
2018-08-21,3.1479771382770103,1
2018-08-22,0.7012206465501261,0
2018-08-23,3.4467019742082985,1
2018-08-24,2.4786710510099192,1
2018-08-27,2.8242069331366655,1
2018-08-28,3.4021704306904823,1
2018-08-29,1.7448179786853484,1
2018-08-30,3.9254139021053733,1
2018-08-31,5.417516560819265,1
2018-09-04,5.320472476009814,1
2018-09-05,5.252419108125437,1
2018-09-06,6.435728061010182,1
2018-09-07,4.792535968443006,1
2018-09-10,6.755853435428895,1
2018-09-11,4.938090050831019,1
2018-09-12,3.4023195807473736,1
2018-09-13,4.539394309380033,1
2018-09-14,2.531146495654215,1
2018-09-17,2.9111458423637524,1
2018-09-18,3.5337704484593586,1
2018-09-19,1.8807787452797382,1
2018-09-20,0.9520327876916413,1
2018-09-21,0.2539826614115029,0
2018-09-24,-0.8103623428702775,-1
2018-09-25,0.015427780472310183,0
2018-09-26,-2.051500936474785,-1
2018-09-27,-5.920186676368259,-1
2018-09-28,-6.1116609236684205,-1
2018-10-01,-7.29481029575482,-1
2018-10-02,-7.419700227638587,-1
2018-10-03,-6.478588395431658,-1
2018-10-04,-5.452847080717663,-1
2018-10-05,-4.690233183945704,-1
2018-10-08,-6.87359425809863,-1
2018-10-09,-11.046958886981528,-1
2018-10-10,-11.428432934881336,-1
2018-10-11,-4.034987440212593,-1
2018-10-12,-3.2776754057587816,-1
2018-10-15,-3.2438216102561976,-1
2018-10-16,-2.195927909930683,-1
2018-10-17,-1.6812355651310371,-1
2018-10-18,-1.057276591430195,-1
2018-10-19,-0.01747860436689471,0
2018-10-22,0.42879130206413363,0
2018-10-23,2.0130534225623915,1
2018-10-24,5.279407485504435,1
2018-10-25,3.127613591279036,1
2018-10-26,4.725753022693665,1
2018-10-29,4.054609315219188,1
2018-10-30,0.011848307796266094,0
2018-10-31,-1.3348627010846874,-1
2018-11-01,-1.4176349733294535,-1
2018-11-02,-1.7393183113627482,-1
2018-11-05,-1.2150114902133458,-1
2018-11-06,-3.234298334540448,-1
2018-11-07,-3.796204949454312,-1
2018-11-08,-6.373334785060474,-1
2018-11-09,-3.806337619239032,-1
2018-11-12,-2.961358133982056,-1
2018-11-13,0.4564132605150207,0
2018-11-14,1.5822404964411299,1
2018-11-15,1.267932592076481,1
2018-11-16,2.2054540618753578,1
2018-11-19,0.21782785930134935,0
2018-11-20,1.49978501964263,1
2018-11-21,0.07068670125898725,0
2018-11-23,0.9945787219221826,1
2018-11-26,-0.2560545940958925,0
2018-11-27,-0.7709742414808022,-1
2018-11-28,-1.0912014170634732,-1
2018-11-29,-2.6050903775447476,-1
2018-11-30,-4.102392061820687,-1
2018-12-03,-6.858088010993482,-1
2018-12-04,-6.195197899780638,-1
2018-12-06,-6.461130465788718,-1
2018-12-07,-7.11895889745157,-1
2018-12-10,-8.257931461132008,-1
2018-12-11,-6.694907806165725,-1
2018-12-12,-6.508924620547851,-1
2018-12-13,-7.8743041035625225,-1
2018-12-14,-7.086231538563755,-1
2018-12-17,-4.128408568469795,-1
2018-12-18,-3.221332562719723,-1
2018-12-19,0.439663559384045,0
2018-12-20,3.658220370824811,1
2018-12-21,4.4283887950608305,1
2018-12-24,8.066033480962535,1
2018-12-26,3.2336674735549167,1
2018-12-27,1.6163175641384364,1
2018-12-28,1.9978325146468814,1
2018-12-31,2.10937217561475,1
2019-01-02,1.148691091007869,1
2019-01-03,1.9689022325727368,1
2019-01-04,1.0297737225493706,1
2019-01-07,0.18623965024036712,0
2019-01-08,-0.4025269596403784,0
2019-01-09,-0.5593347542212287,0
2019-01-10,-0.23020781770367885,0
2019-01-11,-0.4370497510064018,0
2019-01-14,-0.10730105559094882,0
2019-01-15,0.5832930548134229,0
2019-01-16,1.5445175796055743,1
2019-01-17,3.8558674509545305,1
2019-01-18,2.0807772516633762,1
2019-01-22,9.229851972514075,1
2019-01-23,7.14971054265301,1
2019-01-24,5.8740468552786735,1
2019-01-25,5.6779401019858655,1
2019-01-28,6.756860188441594,1
2019-01-29,8.468948936694442,1
2019-01-30,8.391211832632655,1
2019-01-31,6.041625972246785,1
2019-02-01,3.6648546659052412,1
2019-02-04,3.9890821095865583,1
2019-02-05,3.2829591029531016,1
2019-02-06,3.21093172773807,1
2019-02-07,4.4689052388998745,1
2019-02-08,4.241845417094429,1
2019-02-11,4.263355111247766,1
2019-02-12,3.8661367060082554,1
2019-02-13,2.51752865068242,1
2019-02-14,3.3739680054036794,1
2019-02-15,2.326486716662574,1
2019-02-19,2.2987875056135003,1
2019-02-20,1.0744466468507132,1
2019-02-21,3.4387373051741554,1
2019-02-22,0.8004478274987326,1
2019-02-25,1.944821500418088,1
2019-02-26,2.0227865764697177,1
2019-02-27,1.8578144731817925,1
2019-02-28,2.3583511101896835,1
2019-03-01,0.23591675089353342,0
2019-03-04,1.1572732293717478,1
2019-03-05,1.2745642974667295,1
2019-03-06,3.8434996487048836,1
2019-03-07,2.554465129382602,1
2019-03-08,2.4205127815296823,1
2019-03-11,0.19074756492235684,0
2019-03-12,1.246483210384933,1
2019-03-13,-0.47588275801530383,0
2019-03-14,0.3924835870155157,0
2019-03-15,0.8679984185873595,1
2019-03-18,0.9220920686536637,1
2019-03-19,0.67291853883542,0
2019-03-20,-0.5488513498711383,0
2019-03-21,0.3767595535787601,0
2019-03-22,3.1233844020554664,1
2019-03-25,4.596330431031397,1
2019-03-26,1.4424483597097602,1
2019-03-27,1.643938152572036,1
2019-03-28,1.6295208686811562,1
2019-03-29,0.16006650241528123,0
2019-04-01,-1.4408338687297662,-1
2019-04-02,-0.2414817499795707,0
2019-04-03,0.7086849696644297,0
2019-04-04,-1.2081948762325194,-1
2019-04-05,0.48511229255560007,0
2019-04-08,0.5363634258962316,0
2019-04-09,-0.2625098427163932,0
2019-04-10,0.9241973446866796,1
2019-04-11,-2.10774744551371,-1
2019-04-12,-1.3903776772777623,-1
2019-04-15,-0.4800827317935948,0
2019-04-16,-3.5737559986673126,-1
2019-04-17,-5.650122612935897,-1
2019-04-18,-5.1242843382283985,-1
2019-04-22,-9.322951679694837,-1
2019-04-23,-7.7415346538164815,-1
2019-04-24,-5.845411063729735,-1
2019-04-25,-5.819988636984572,-1
2019-04-26,-3.3240017495335734,-1
2019-04-29,-3.212319234157926,-1
2019-04-30,-3.5094236352254975,-1
2019-05-01,-1.4097210497899755,-1
2019-05-02,-0.05082540481620343,0
2019-05-03,-0.6160155917448145,0
2019-05-06,-0.3187170603180805,0
2019-05-07,0.46209652198013057,0
2019-05-08,-0.5128962828212263,0
2019-05-09,-2.7502661079122808,-1
2019-05-10,-3.3993385898849673,-1
2019-05-13,-4.477365525318564,-1
2019-05-14,-5.117580843119425,-1
2019-05-15,-6.266582063782368,-1
2019-05-16,-9.06453559794254,-1
2019-05-17,-9.023731357599962,-1
2019-05-20,-5.0022193734083285,-1
2019-05-21,-7.196853791007175,-1
2019-05-22,-2.81107746777875,-1
2019-05-23,1.6235359158623919,1
2019-05-24,1.1149014595780067,1
2019-05-28,3.2984298617206003,1
2019-05-29,2.4643483687206973,1
2019-05-30,3.6378031829964947,1
2019-05-31,5.335893236192691,1
2019-06-03,4.554839065171479,1
2019-06-04,2.381178062570181,1
2019-06-05,2.0888015324638443,1
2019-06-06,2.038637921131129,1
2019-06-07,2.5103691432620097,1
2019-06-10,1.8462770556324115,1
2019-06-11,1.294960533600127,1
2019-06-12,2.7129088076451477,1
2019-06-13,1.1524505122660518,1
2019-06-14,2.3174346478394017,1
2019-06-17,1.6885940361393663,1
2019-06-18,-0.0236999496930216,0
2019-06-19,1.6431514673769463,1
2019-06-20,-0.7195714594990525,0
2019-06-21,-1.8320419293192605,-1
2019-06-24,-0.7351261308901998,0
2019-06-25,1.6015641200739485,1
2019-06-26,1.1770483348897498,1
2019-06-27,2.4402315695310035,1
2019-06-28,0.561833434599301,0
2019-07-01,-0.7776691594607328,-1
2019-07-02,-0.3061742821346989,0
2019-07-03,-1.9382986154246487,-1
2019-07-05,-1.36332234572345,-1
2019-07-08,-1.921076853510294,-1
2019-07-09,-1.6562205937470453,-1
2019-07-10,-3.515907941241859,-1
2019-07-11,-3.9776740271743924,-1
2019-07-12,-4.270519341193147,-1
2019-07-15,-3.0052775187878775,-1
2019-07-16,-1.0277661513654228,-1
2019-07-17,-1.6631588104831527,-1
2019-07-18,-3.781413149886232,-1
2019-07-19,-5.403566239740596,-1
2019-07-22,-7.917339620406548,-1
2019-07-23,-7.465407433698792,-1
2019-07-24,-8.010842278689104,-1
2019-07-25,-5.669648411490946,-1
2019-07-26,-8.958372768200064,-1
2019-07-29,-11.120434071515113,-1
2019-07-30,-8.082522581361985,-1
2019-07-31,-16.422697605207258,-1
2019-08-01,-9.979184118579372,-1
2019-08-02,-3.772819819371472,-1
2019-08-05,0.04956717656782162,0
2019-08-06,-1.4202946313281135,-1
2019-08-07,0.10826158003567676,0
2019-08-08,-2.399731740503842,-1
2019-08-09,-2.3045625060582093,-1
2019-08-12,-1.5626995614602555,-1
2019-08-13,-2.9670722699200582,-1
2019-08-14,0.026405295896669605,0
2019-08-15,0.8740367279369754,1
2019-08-16,0.13793973931371054,0
2019-08-19,-0.6341677819548146,0
2019-08-20,0.18675423779337572,0
2019-08-21,0.3951892943899493,0
2019-08-22,0.9692143145095347,1
2019-08-23,3.3077354159990873,1
2019-08-26,3.258525047328436,1
2019-08-27,3.6601653197521897,1
2019-08-28,3.4068742012041087,1
2019-08-29,4.382629294114177,1
2019-08-30,5.379378917636632,1
2019-09-03,5.016270421252625,1
2019-09-04,4.204708632132852,1
2019-09-05,2.3413123263170554,1
2019-09-06,1.253508032574167,1
2019-09-09,0.6808587800051835,0
2019-09-10,-1.8687988516576952,-1
2019-09-11,-1.1617824746563328,-1
2019-09-12,-2.7058938328651134,-1
2019-09-13,-2.8869335490888375,-1
2019-09-16,-7.873590666602495,-1
2019-09-17,-10.109855494715331,-1
2019-09-18,-10.754485300094922,-1
2019-09-19,-7.6263277022555,-1
2019-09-20,-5.419325110042195,-1
2019-09-23,-7.270588844473555,-1
2019-09-24,-8.296461814054593,-1
2019-09-25,-6.5798766340287145,-1
2019-09-26,-4.547693394124435,-1
2019-09-27,-4.102534318336269,-1
2019-09-30,-2.448325975343582,-1
2019-10-01,1.0502026294314744,1
2019-10-02,1.8080884686522947,1
2019-10-03,0.2153979124643636,0
2019-10-04,-1.552694610303768,-1
2019-10-07,0.7404180694889464,0
2019-10-08,2.4771824316390285,1
2019-10-09,2.2961820671009736,1
2019-10-10,0.7848072345246974,1
2019-10-11,0.23530320232506297,0
2019-10-14,-0.46116988610758813,0
2019-10-15,-0.8437776367559738,-1
2019-10-16,-0.5003038031958948,0
2019-10-17,-0.6274876074716442,0
2019-10-18,2.2987916877710037,1
2019-10-21,3.563376710545783,1
2019-10-22,4.638979461215498,1
2019-10-23,2.4461467615134636,1
2019-10-24,5.627214215712349,1
2019-10-25,3.316877808897384,1
2019-10-28,3.784193873147976,1
2019-10-29,2.536690054362415,1
2019-10-30,2.7970607512128782,1
2019-10-31,2.855575759247237,1
2019-11-01,0.6692145195301422,0
2019-11-04,-2.5054442537019654,-1
2019-11-05,-4.0681283131824335,-1
2019-11-06,-2.3421243787583705,-1
2019-11-07,-1.9114942143990237,-1
2019-11-08,-1.084360040998465,-1
2019-11-11,-1.0239772554325546,-1
2019-11-12,-0.4614109467091959,0
2019-11-13,-0.07130858376064203,0
2019-11-14,-0.26701008144212324,0
2019-11-15,-0.5481522155838419,0
2019-11-18,-0.5134047871470484,0
2019-11-19,0.802686740367079,1
2019-11-20,0.42947931534927547,0
2019-11-21,-0.19111437706953396,0
2019-11-22,0.32949111134457104,0
2019-11-25,0.18966877493227854,0
2019-11-26,0.27831632112894383,0
2019-11-27,2.2225673595351685,1
2019-11-29,1.5485682080928143,1
2019-12-02,2.16293134460712,1
2019-12-03,2.60379828486895,1
2019-12-04,1.771750576219516,1
2019-12-05,1.415481708237153,1
2019-12-06,0.6063601747133324,0
2019-12-09,1.0919272286231512,1
2019-12-10,1.6998350145765824,1
2019-12-11,2.0222917696476856,1
2019-12-12,-0.7652866606713076,-1
2019-12-13,0.3474341928059179,0
2019-12-16,-0.2741396431164347,0
2019-12-17,1.4792060839126275,1
2019-12-18,0.5694956863152889,0
2019-12-19,1.9116452187826234,1
2019-12-20,0.43956107331008865,0
2019-12-23,-1.439127486736945,-1
2019-12-24,-0.3515499014643847,0
2019-12-26,-1.3863182598078134,-1
2019-12-27,-0.12707493241525672,0
2019-12-30,-0.5102476979757098,0
2019-12-31,-1.5876050603680825,-1
2020-01-02,-5.627847475565292,-1
2020-01-03,-3.5541940509938574,-1
2020-01-06,-6.022374191684092,-1
2020-01-07,-5.884807319770328,-1
2020-01-08,-4.5348944907799345,-1
2020-01-09,-5.453734549712074,-1
2020-01-10,-6.74780912392431,-1
2020-01-13,-7.551616097444751,-1
2020-01-14,-7.131249923401967,-1
2020-01-15,-5.916864255250622,-1
2020-01-16,-9.36805203852807,-1
2020-01-17,-13.417249315927526,-1
2020-01-21,-13.51333688506815,-1
2020-01-22,-8.052566767008235,-1
2020-01-23,-8.969374986094596,-1
2020-01-24,-9.984508235323938,-1
2020-01-27,-9.769053176376431,-1
2020-01-28,-5.864329118981577,-1
2020-01-29,-4.4870756417052595,-1
2020-01-30,-6.764671823984767,-1
2020-01-31,-1.0955868210074526,-1
2020-02-03,0.011373657388182239,0
2020-02-04,1.440708219087102,1
2020-02-05,-2.243376384897312,-1
2020-02-06,-1.3201217384898907,-1
2020-02-07,-2.99330994609069,-1
2020-02-10,-4.109728565887218,-1
2020-02-11,-5.472735936866618,-1
2020-02-12,-8.054220557022246,-1
2020-02-13,-6.552910083759798,-1
2020-02-14,-4.791420224508936,-1
2020-02-18,-7.371881361572872,-1
2020-02-19,-7.110510783318226,-1
2020-02-20,-9.040101055046291,-1
2020-02-21,-20.377622968159056,-1
2020-02-24,-27.54925324680392,-1
2020-02-25,-11.881993400029545,-1
2020-02-26,-10.685656572064868,-1
2020-02-27,-13.706250421362501,-1
2020-02-28,-12.064537328047457,-1
2020-03-02,-13.319225922253693,-1
2020-03-03,-8.373473333619362,-1
2020-03-04,-10.319258963745014,-1
2020-03-05,-8.473763243852229,-1
2020-03-06,-8.230522690381973,-1
2020-03-09,-6.3315153275045875,-1
2020-03-10,-3.6347504117879073,-1
2020-03-11,-2.057505879107195,-1
2020-03-12,0.8102434163406161,1
2020-03-13,-0.5031900910559,0
2020-03-16,1.4485231962011706,1
2020-03-17,0.5503021387753735,0
2020-03-18,1.9944748577978586,1
2020-03-19,2.577495707033514,1
2020-03-20,2.7402203143902386,1
2020-03-23,3.9759478293126054,1
2020-03-24,2.5032586996218322,1
2020-03-25,2.208680569039688,1
2020-03-26,1.3492105643726524,1
2020-03-27,2.1128354795804145,1
2020-03-30,1.7297155200532166,1
2020-03-31,0.967143504201751,1
2020-04-01,0.6597407892877225,0
2020-04-02,1.2758905667256968,1
2020-04-03,0.8693544567934606,1
2020-04-06,0.21789314927217776,0
2020-04-07,0.4182447167540101,0
2020-04-08,-0.24167330672897716,0
2020-04-09,0.35606566310964993,0
2020-04-13,0.7009586474430338,0
2020-04-14,1.7399913491162244,1
2020-04-15,4.903661654825254,1
2020-04-16,4.697459081894483,1
2020-04-17,-0.04465970902346877,0
2020-04-20,1.9026306431002113,1
2020-04-21,1.9252983242179833,1
2020-04-22,0.9144678947007648,1
2020-04-23,0.3730450164194132,0
2020-04-24,1.2371709074371728,1
2020-04-27,0.911528492984496,1
2020-04-28,0.0027116165572901997,0
2020-04-29,-2.209147497845351,-1
2020-04-30,-1.6693591871461404,-1
2020-05-01,-0.18062294331811513,0
2020-05-04,0.776097807777146,1
2020-05-05,-0.023379955098811193,0
2020-05-06,1.4221384948345175,1
2020-05-07,0.7339114703445905,0
2020-05-08,-0.43893417962671016,0
2020-05-11,0.6153111291271313,0
2020-05-12,1.2646677514422269,1
2020-05-13,1.9563289600946683,1
2020-05-14,2.1083208702027467,1
2020-05-15,2.8495563262821695,1
2020-05-18,1.569733001971611,1
2020-05-19,3.3785185150063026,1
2020-05-20,2.202139654146286,1
2020-05-21,5.043574093964026,1
2020-05-22,5.885104790254434,1
2020-05-26,4.6152960613129554,1
2020-05-27,2.57908975350874,1
2020-05-28,0.6965526520946009,0
2020-05-29,1.1337951371775006,1
2020-06-01,0.5634530263290706,0
2020-06-02,0.575742723061761,0
2020-06-03,-2.338934333332599,-1
2020-06-04,-2.061378134112757,-1
2020-06-05,-6.488985908127567,-1
2020-06-08,-5.268256796672565,-1
2020-06-09,-4.47995409620767,-1
2020-06-10,-3.8778255220688576,-1
2020-06-11,-0.5708650619126546,0
2020-06-12,-1.5521668596695533,-1
2020-06-15,-1.2259950474908163,-1
2020-06-16,-1.4857425152901176,-1
2020-06-17,-1.2883649678083997,-1
2020-06-18,-1.266643972196369,-1
2020-06-19,-0.7218532016969504,0
2020-06-22,-1.8195737369476022,-1
2020-06-23,-2.157780506811171,-1
2020-06-24,-1.9666635475403906,-1
2020-06-25,-1.5890312781047262,-1
2020-06-26,-0.9334790071928839,-1
2020-06-29,-0.23485310903105275,0
2020-06-30,-0.0801757392650083,0
2020-07-01,0.5493141527905557,0
2020-07-02,-0.5585832735521273,0
2020-07-06,-1.8600307899532729,-1
2020-07-07,1.4400885179087293,1
2020-07-08,0.4700288140088842,0
2020-07-09,2.4800291453285586,1
2020-07-10,0.8412593271836667,1
2020-07-13,1.3748407642935017,1
2020-07-14,-0.5409372316499659,0
2020-07-15,-0.5616531913243776,0
2020-07-16,-2.256183657949986,-1
2020-07-17,-1.438000676823968,-1
2020-07-20,-0.2495507382280379,0
2020-07-21,-1.0843946251494672,-1
2020-07-22,0.19360585223039312,0
2020-07-23,-0.04630418178725297,0
2020-07-24,0.008998494511801784,0
2020-07-27,0.412964357826862,0
2020-07-28,1.331537749938297,1
2020-07-29,0.9383362997001403,1
2020-07-30,2.1203833655940705,1
2020-07-31,1.7311294756539832,1
2020-08-03,1.0833873740645197,1
2020-08-04,-0.17977449327311895,0
2020-08-05,-1.1102035714020764,-1
2020-08-06,-1.6621830514189178,-1
2020-08-07,-1.7930992766846945,-1
2020-08-10,-1.576639009824973,-1
2020-08-11,-3.357884351866187,-1
2020-08-12,-4.324836643063903,-1
2020-08-13,-3.5781246030086735,-1
2020-08-14,-3.8187102289983725,-1
2020-08-17,-4.161732586372701,-1
2020-08-18,-4.3607944099136935,-1
2020-08-19,-4.883654959596491,-1
2020-08-20,-3.966664817864882,-1
2020-08-21,-3.3412489260986553,-1
2020-08-24,-6.766291499171673,-1
2020-08-25,-4.694817808994934,-1
2020-08-26,-4.469125214655767,-1
2020-08-27,-4.167766506823643,-1
2020-08-28,-6.06700986083309,-1
2020-08-31,-4.8618426180587795,-1
2020-09-01,-2.1391443714515783,-1
2020-09-02,-1.8375687640775336,-1
2020-09-03,-2.5498961509014118,-1
2020-09-04,-3.5598587398673827,-1
2020-09-08,-3.637419176832496,-1
2020-09-09,-6.037612026056209,-1
2020-09-10,-5.358362363303384,-1
2020-09-11,-4.377393292375077,-1
2020-09-14,-2.6153151424045733,-1
2020-09-15,-6.13967594703008,-1
2020-09-16,-10.85329261177943,-1
2020-09-17,-6.724333567485459,-1
2020-09-18,-6.154675327463935,-1
2020-09-21,-3.925991386457625,-1
2020-09-22,-3.1123064332376793,-1
2020-09-23,-1.3261537266940395,-1
2020-09-24,1.301131826736751,1
2020-09-25,0.1413429335133957,0
2020-09-28,-0.9140194371918837,-1
2020-09-29,-0.07761692856404163,0
2020-09-30,-0.2192175641211157,0
2020-10-01,2.2837089381715194,1
2020-10-02,1.8055735930585306,1
2020-10-05,-0.500577455167438,0
2020-10-06,0.4308321287821824,0
2020-10-07,-0.4894744856593475,0
2020-10-08,-0.6063851711850758,0
2020-10-09,-0.6533567803521674,0
2020-10-12,-1.4205062433674223,-1
2020-10-13,-1.6248995085386186,-1
2020-10-14,-3.1981810953246184,-1
2020-10-15,-1.818389322716475,-1
2020-10-16,-2.1371611993289767,-1
2020-10-19,0.8259673779951883,1
2020-10-20,-0.41753876602856005,0
2020-10-21,0.10299919067798255,0
2020-10-22,-2.290826147824274,-1
2020-10-23,-1.9415351902540907,-1
2020-10-26,5.0483756301098515,1
2020-10-27,6.703115788232227,1
2020-10-28,8.112127914900018,1
2020-10-29,3.7704708931731483,1
2020-10-30,4.4716431487599815,1
2020-11-02,5.042877624382598,1
2020-11-03,5.729217578302115,1
2020-11-04,4.474195757103236,1
2020-11-05,4.77343449316159,1
2020-11-06,5.681134441468555,1
2020-11-09,3.4246817801919787,1
2020-11-10,2.8911184648260218,1
2020-11-11,2.5170282790181857,1
2020-11-12,3.1696171712936523,1
2020-11-13,1.231814871322632,1
2020-11-16,0.19492561590696658,0
2020-11-17,0.6980898438939904,0
2020-11-18,1.7639355006458293,1
2020-11-19,2.354504987136986,1
2020-11-20,2.215337405952946,1
2020-11-23,1.5110267550780567,1
2020-11-24,0.5617690933333483,0
2020-11-25,2.0028398338714006,1
2020-11-27,2.206246006840914,1
2020-11-30,2.771602190108579,1
2020-12-01,2.7088196608360944,1
2020-12-02,2.369334549690076,1
2020-12-03,1.9727169216269351,1
2020-12-04,0.653812458183591,0
2020-12-07,0.6499435774138678,0
2020-12-08,-0.5921489563706424,0
2020-12-09,-0.6652799970498757,0
2020-12-10,-1.8304050356491517,-1
2020-12-11,-1.6292699626262392,-1
2020-12-14,-0.8002739024822929,-1
2020-12-15,-1.3543188828878236,-1
2020-12-16,-2.2828750683095467,-1
2020-12-17,-1.9603977348576138,-1
2020-12-18,0.7614231326466817,1
2020-12-21,2.809526889565481,1
2020-12-22,4.005282596724691,1
2020-12-23,4.295945102207436,1
2020-12-24,6.13541040326157,1
2020-12-28,8.398503922024517,1
2020-12-29,9.766510320697908,1
2020-12-30,14.693642066512464,1
2020-12-31,12.743261694611773,1
2021-01-04,16.16925625067166,1
2021-01-05,11.905105355511898,1
2021-01-06,4.0261447948697215,1
2021-01-07,2.8378905198872033,1
2021-01-08,1.8046410099422858,1
2021-01-11,-1.1822349989866436,-1
2021-01-12,-2.9169778902431966,-1
2021-01-13,-2.69471389450657,-1
2021-01-14,-6.85429914967627,-1
2021-01-15,-3.6339272208827227,-1
2021-01-19,-2.5029645625785966,-1
2021-01-20,-1.6318363670786984,-1
2021-01-21,0.19335363584708992,0
2021-01-22,1.9994093501921801,1
2021-01-25,4.035840900604047,1
2021-01-26,4.39351521902855,1
2021-01-27,5.385245891524908,1
2021-01-28,3.8726107355948067,1
2021-01-29,5.548427053195758,1
2021-02-01,8.103181176640204,1
2021-02-02,9.890290201452233,1
2021-02-03,6.656210141957485,1
2021-02-04,4.652211244452811,1
2021-02-05,4.982762583707519,1
2021-02-08,3.27256259160135,1
2021-02-09,4.84167861163626,1
2021-02-10,3.8740534521428973,1
2021-02-11,4.128315691744995,1
2021-02-12,4.618421080146363,1
2021-02-16,3.5658848407664205,1
2021-02-17,3.184720471719165,1
2021-02-18,5.897673874305175,1
2021-02-19,7.291570568572308,1
2021-02-22,5.4329210282192,1
2021-02-23,3.908033459769919,1
2021-02-24,4.5432169500319945,1
2021-02-25,5.078188517691644,1
2021-02-26,6.488585069971374,1
2021-03-01,3.2868602779963307,1
2021-03-02,2.3242775264455706,1
2021-03-03,2.2041387677874282,1
2021-03-04,-1.4247928844628277,-1
2021-03-05,-3.141430337791749,-1
2021-03-08,-3.3392856832292415,-1
2021-03-09,-3.323339494524971,-1
2021-03-10,-3.49857272961216,-1
2021-03-11,-3.3209337826814784,-1
2021-03-12,-2.826525687099183,-1
2021-03-15,-2.3511667119791113,-1
2021-03-16,-1.8244542607424532,-1
2021-03-17,-2.4948111099898513,-1
2021-03-18,0.427429927878177,0
2021-03-19,0.007048804957199454,0
2021-03-22,0.37310484418257195,0
2021-03-23,1.2100555870024998,1
2021-03-24,-0.2957348442704585,0
2021-03-25,-0.3002497302544642,0
2021-03-26,-2.072467146060107,-1
2021-03-29,-1.4048361860697876,-1
2021-03-30,0.5580706487861831,0
2021-03-31,1.0674504434122618,1
2021-04-01,-0.6576431361484979,0
2021-04-05,-0.02070152008641513,0
2021-04-06,-1.0468938094018336,-1
2021-04-07,-0.596780403612681,0
2021-04-08,-0.7735540936077445,-1
2021-04-09,-0.334639485198324,0
2021-04-12,0.20221395558303829,0
2021-04-13,0.9821977199424277,1
2021-04-14,1.060536785979718,1
2021-04-15,2.16497195393973,1
2021-04-16,0.6789358583890197,0
2021-04-19,3.410866329728537,1
2021-04-20,6.345310255930382,1
2021-04-21,6.8391962817332965,1
2021-04-22,8.306451585911864,1
2021-04-23,8.879448911296342,1
2021-04-26,8.820139128831231,1
2021-04-27,5.3338345688687685,1
2021-04-28,3.340987420475696,1
2021-04-29,1.4114902067147206,1
2021-04-30,5.153317129654674,1
2021-05-03,4.032466368133201,1
2021-05-04,1.8138526306229334,1
2021-05-05,-1.0516891471419187,-1
2021-05-06,-1.5796938955129853,-1
2021-05-07,-2.431866778558388,-1
2021-05-10,-1.9324132850171567,-1
2021-05-11,-1.408879015952576,-1
2021-05-12,-0.8271672072792204,-1
2021-05-13,-0.6040566328866369,0
2021-05-14,-1.8781034050399097,-1
2021-05-17,-1.4678162170252371,-1
2021-05-18,0.4562598466472727,0
2021-05-19,1.7227941746509978,1
2021-05-20,2.103491254887141,1
2021-05-21,1.7447938604325417,1
2021-05-24,2.1225307485712106,1
2021-05-25,3.681556991015273,1
2021-05-26,3.364377530551426,1
2021-05-27,3.1462502493234776,1
2021-05-28,3.2801805570136047,1
2021-06-01,3.753369915006184,1
2021-06-02,2.6542776743050673,1
2021-06-03,0.7563788614046897,1
2021-06-04,-1.1281793136965863,-1
2021-06-07,1.682701274944221,1
2021-06-08,1.737990834954433,1
2021-06-09,1.62335093318317,1
2021-06-10,2.2207616570175865,1
2021-06-11,3.1483918267047164,1
2021-06-14,1.1595819298173995,1
2021-06-15,-2.0542238932707155,-1
2021-06-16,-1.2152555359501793,-1
2021-06-17,1.5248215572626307,1
2021-06-18,2.5389509314928995,1
2021-06-21,-0.9783528625152648,-1
2021-06-22,-2.295831812389978,-1
2021-06-23,-2.764684073058272,-1
2021-06-24,-2.2011214281805187,-1
2021-06-25,-2.3299755947579417,-1
2021-06-28,-1.4845062790071104,-1
2021-06-29,-2.003852540816661,-1
2021-06-30,-3.052658692067385,-1
2021-07-01,-4.334515970339368,-1
2021-07-02,-6.649125758428134,-1
2021-07-06,-5.515444653017733,-1
2021-07-07,-2.9620732275734367,-1
2021-07-08,-3.7789243008150035,-1
2021-07-09,-5.438631334015564,-1
2021-07-12,-3.025751167455728,-1
2021-07-13,-3.4810837330128184,-1
2021-07-14,-1.753011039075296,-1
2021-07-15,-0.02441925808705197,0
2021-07-16,0.3290802976074646,0
2021-07-19,2.8197665268576304,1
2021-07-20,2.5217994631565235,1
2021-07-21,-0.9654901944041504,-1
2021-07-22,0.0759166115743475,0
2021-07-23,0.6887028735882164,0
2021-07-26,-1.1319598715980885,-1
2021-07-27,0.27707420090927004,0
2021-07-28,0.10170746238071968,0
2021-07-29,-0.5666766121165976,0
2021-07-30,0.04773313966686211,0
2021-08-02,-0.6576970465302898,0
2021-08-03,-1.8168670540939411,-1
2021-08-04,-1.683293500857073,-1
2021-08-05,-4.054677930658601,-1
2021-08-06,-4.787320999972193,-1
2021-08-09,-1.5956585083219113,-1
2021-08-10,-2.4286567931488743,-1
2021-08-11,-2.3686857857493533,-1
2021-08-12,-3.128920502370728,-1
2021-08-13,-1.2480631531079849,-1
2021-08-16,-1.1281750634487495,-1
2021-08-17,-1.4164653941095706,-1
2021-08-18,-0.9058612902513019,-1
2021-08-19,3.6576193141728695,1
2021-08-20,2.792145392454598,1
2021-08-23,-0.4934136126500598,0
2021-08-24,-1.1702068962526166,-1
2021-08-25,-1.2703841852724989,-1
2021-08-26,-0.6874921611291409,0
2021-08-27,-0.36482474327299413,0
2021-08-30,-0.503061612929944,0
2021-08-31,1.6853845174494502,1
2021-09-01,1.8262027476080793,1
2021-09-02,0.07175284332571488,0
2021-09-03,-1.1487363271366289,-1
2021-09-07,-0.8842198970260756,-1
2021-09-08,1.5564169615824632,1
2021-09-09,4.048265941066115,1
2021-09-10,4.909010503918272,1
2021-09-13,5.436805909283195,1
2021-09-14,6.854375444644616,1
2021-09-15,4.20713456719197,1
2021-09-16,3.049161337032217,1
2021-09-17,6.043118048624008,1
2021-09-20,9.172421108161345,1
2021-09-21,8.08342000898022,1
2021-09-22,5.209816411576421,1
2021-09-23,3.0622692461268604,1
2021-09-24,3.5030017940146005,1
2021-09-27,1.6858993283004569,1
2021-09-28,0.9575776776187649,1
2021-09-29,0.9138728476064617,1
2021-09-30,2.680521558585609,1
2021-10-01,1.3015738469426654,1
2021-10-04,0.619523508443796,0
2021-10-05,1.7190068133335703,1
2021-10-06,3.11799341438383,1
2021-10-07,1.708621638097944,1
2021-10-08,0.8574901911248638,1
2021-10-11,2.4349059624109715,1
2021-10-12,4.257471273055831,1
2021-10-13,2.8325254110415523,1
2021-10-14,2.1000264313296872,1
2021-10-15,1.800760423252152,1
2021-10-18,3.7722649964640858,1
2021-10-19,1.6598749797925327,1
2021-10-20,0.09518030280844343,0
2021-10-21,2.540786452215731,1
2021-10-22,2.288364980680554,1
2021-10-25,1.9560880870724395,1
2021-10-26,0.6932859912337455,0
2021-10-27,1.1784048342686038,1
2021-10-28,0.8415901578364415,1
2021-10-29,0.20696417497577246,0
2021-11-01,-0.3898529891965862,0
2021-11-02,1.031849965592669,1
2021-11-03,1.1818808011552389,1
2021-11-04,0.049674769651442956,0
2021-11-05,-3.4058275171362107,-1
2021-11-08,-3.206357598411814,-1
2021-11-09,-2.348067591553565,-1
2021-11-10,-0.8041756940333783,-1
2021-11-11,-3.813280849364349,-1
2021-11-12,-2.80194535898116,-1
2021-11-15,-5.507062288651279,-1
2021-11-16,-6.911906403396769,-1
2021-11-17,-4.181786158599911,-1
2021-11-18,-3.9348816271664826,-1
2021-11-19,1.3188769996981606,1
2021-11-22,0.6863608327760489,0
2021-11-23,-0.5875479957172359,0
2021-11-24,-0.6699868912869879,0
2021-11-26,1.4530948821133662,1
2021-11-29,0.028906051530246994,0
2021-11-30,1.2536809895294563,1
2021-12-01,1.053148047993534,1
2021-12-02,0.06422788930472474,0
2021-12-03,-0.5631941748357898,0
2021-12-06,-1.5725051856174825,-1
2021-12-07,-1.392308239561048,-1
2021-12-08,-1.1540940760305876,-1
2021-12-09,-1.3865293455937795,-1
2021-12-10,-0.9754321791191075,-1
2021-12-13,0.07032060806157915,0
2021-12-14,-0.40002752926598534,0
2021-12-15,-0.6346529947264691,0
2021-12-16,-0.23438960080247706,0
2021-12-17,6.003412526583524,1
2021-12-20,9.625987588324028,1
2021-12-21,8.884650204422027,1
2021-12-22,8.792860624010263,1
2021-12-23,9.197976296059833,1
2021-12-27,7.626865553323703,1
2021-12-28,10.653932553827412,1
2021-12-29,12.640247131898137,1
2021-12-30,12.235826476700831,1
2021-12-31,13.137294785670962,1
2022-01-03,11.14361974060465,1
2022-01-04,6.82026665360993,1
2022-01-05,5.722400567992375,1
2022-01-06,3.3957101946243635,1
2022-01-07,3.3181326401745803,1
2022-01-10,5.641572263895569,1
2022-01-11,2.2383153903255963,1
2022-01-12,2.866856702057788,1
2022-01-13,3.5003575562882183,1
2022-01-14,2.999384233963645,1
2022-01-18,5.661829630569784,1
2022-01-19,6.0140252050622145,1
2022-01-20,5.686265299099607,1
2022-01-21,8.216779832174863,1
2022-01-24,8.01211334814254,1
2022-01-25,4.319409816456885,1
2022-01-26,4.4050368141570395,1
2022-01-27,3.789670064478198,1
2022-01-28,5.510388029107703,1
2022-01-31,3.831493078867282,1
2022-02-01,-1.9000669078091263,-1
2022-02-02,-0.7721862599350198,-1
2022-02-03,-0.32248650765813897,0
2022-02-04,-1.6605218714814973,-1
2022-02-07,-2.7606279086075918,-1
2022-02-08,-1.4739393746306173,-1
2022-02-09,-1.6568954379072056,-1
2022-02-10,-0.2122968784008803,0
2022-02-11,-0.9074705621259047,-1
2022-02-14,0.09502326531215562,0
2022-02-15,1.236872400236512,1
2022-02-16,2.0540732520223437,1
2022-02-17,4.443552427719494,1
2022-02-18,7.651924827880388,1
2022-02-22,10.055799472617425,1
2022-02-23,5.704130552248376,1
2022-02-24,10.359188460437405,1
2022-02-25,7.258404116585477,1
2022-02-28,2.8168910298365852,1
2022-03-01,-1.8567454968635508,-1
2022-03-02,-3.4785346112954563,-1
2022-03-03,-1.9576456589896818,-1
2022-03-04,-4.952131890434982,-1
2022-03-07,-3.378578233391945,-1
2022-03-08,-3.8561494739376596,-1
2022-03-09,0.2631507048376469,0
2022-03-10,-0.8474254907831543,-1
2022-03-11,0.12116079725212404,0
2022-03-14,0.4177941038928659,0
2022-03-15,2.1731522203177107,1
2022-03-16,2.4575774065905156,1
2022-03-17,1.2836676880411928,1
2022-03-18,1.5362757348093468,1
2022-03-21,0.3424832250645274,0
2022-03-22,0.30717004255129987,0
2022-03-23,0.17809162989805752,0
2022-03-24,0.6507754461327364,0
2022-03-25,0.665083154470767,0
2022-03-28,0.42066091180708687,0
2022-03-29,1.3574988243465715,1
2022-03-30,1.7425296334225366,1
2022-03-31,3.074055081652433,1
2022-04-01,3.148728322833785,1
2022-04-04,2.694660466132523,1
2022-04-05,4.149783233294484,1
2022-04-06,2.64636954918341,1
2022-04-07,0.06336734539658526,0
2022-04-08,-3.3621421299807777,-1
2022-04-11,-1.194221275390076,-1
2022-04-12,-0.6592249182170907,0
2022-04-13,0.25152166856691444,0
2022-04-14,-1.6651359580406875,-1
2022-04-18,-1.4565195036487113,-1
2022-04-19,0.29511509747915865,0
2022-04-20,2.467044804582708,1
2022-04-21,2.2329945157398785,1
2022-04-22,4.386650344002458,1
2022-04-25,1.4313618002512167,1
2022-04-26,1.6672707339744923,1
2022-04-27,1.4886490935931498,1
2022-04-28,-0.010011202921903143,0
2022-04-29,2.6004329318935464,1
2022-05-02,2.9920996134423485,1
2022-05-03,2.5602007295753686,1
2022-05-04,-0.05879289743257014,0
2022-05-05,0.7594921821407108,1
2022-05-06,0.4651552686825878,0
2022-05-09,5.010011472239116,1
2022-05-10,3.4806629516971017,1
2022-05-11,3.4589865459968516,1
2022-05-12,3.4791542857100124,1
2022-05-13,2.9665651417859746,1
2022-05-16,1.6716980406813715,1
2022-05-17,1.8501942647663063,1
2022-05-18,2.3219052599548804,1
2022-05-19,2.754508469510806,1
2022-05-20,2.4343195845317815,1
2022-05-23,3.261099457882249,1
2022-05-24,8.238469461938019,1
2022-05-25,4.758142243006743,1
2022-05-26,3.0155813463597694,1
2022-05-27,-1.3536305147186403,-1
2022-05-31,0.09047019990905276,0
2022-06-01,-2.3343477861095683,-1
2022-06-02,-4.7753827190894285,-1
2022-06-03,-11.3815474952105,-1
2022-06-06,-6.379270639531209,-1
2022-06-07,-12.3163157586347,-1
2022-06-08,-11.03065924370915,-1
2022-06-09,-9.010163614983943,-1
2022-06-10,-5.961107691976014,-1
2022-06-13,-2.2013167022758484,-1
2022-06-14,-3.2219641888569344,-1
2022-06-15,-3.8598807223944505,-1
2022-06-16,-1.7066154632371464,-1
2022-06-17,-0.5663051255447835,0
2022-06-21,-2.973856154668862,-1
2022-06-22,-0.5668587642243424,0
2022-06-23,0.2932686253389059,0
2022-06-24,-0.43080023343967006,0
2022-06-27,-1.4179275944663643,-1
2022-06-28,-1.9143325111149618,-1
2022-06-29,-1.4982388660472918,-1
2022-06-30,-0.32932021783315774,0
2022-07-01,-0.41913241632354664,0
2022-07-05,1.0357086722348015,1
2022-07-06,1.9816369621087364,1
2022-07-07,0.7348337482585583,0
2022-07-08,0.3992481489928868,0
2022-07-11,1.8535201259691951,1
2022-07-12,2.2827197961525587,1
2022-07-13,3.1485106051224463,1
2022-07-14,5.016439519769612,1
2022-07-15,7.0183605367252095,1
2022-07-18,4.788648834555781,1
2022-07-19,3.3079721868462593,1
2022-07-20,1.0824542449288406,1
2022-07-21,-0.38095912963203515,0
2022-07-22,0.9984805235578191,1
2022-07-25,-0.7126235501848766,0
2022-07-26,0.5715974650781466,0
2022-07-27,-0.07310636339297204,0
2022-07-28,0.8464648200492185,1
2022-07-29,-1.319108325675536,-1
2022-08-01,-0.6913038861276587,0
2022-08-02,-0.8014767100855914,-1
2022-08-03,1.0140086740046743,1
2022-08-04,3.641210018159008,1
2022-08-05,2.578258081055859,1
2022-08-08,2.322457411653661,1
2022-08-09,3.440499554493465,1
2022-08-10,3.2197400578589246,1
2022-08-11,2.368348512611207,1
2022-08-12,1.4662676574259932,1
2022-08-15,3.5741523708596414,1
2022-08-16,2.3127723102351148,1
2022-08-17,1.5944157416202673,1
2022-08-18,-0.2641632336374457,0
2022-08-19,1.1347198739693563,1
2022-08-22,0.6901913876854836,0
2022-08-23,-2.6785074142755785,-1
2022-08-24,-2.0282091791592674,-1
2022-08-25,-1.4220739942608154,-1
2022-08-26,-0.15674758397288432,0
2022-08-29,-2.673880568408903,-1
2022-08-30,0.8337982216886994,1
2022-08-31,-0.36223434131060334,0
2022-09-01,-0.31549698117919694,0
2022-09-02,-1.1332358084864507,-1
2022-09-06,-1.1599520677432202,-1
2022-09-07,-1.4770491729152415,-1
2022-09-08,-2.5589821480474715,-1
2022-09-09,-6.181723678897405,-1
2022-09-12,-7.351017943375838,-1
2022-09-13,-5.261749330456286,-1
2022-09-14,-4.8738322641524325,-1
2022-09-15,-3.9403127561889684,-1
2022-09-16,-3.3325394658236447,-1
2022-09-19,-0.7265183734584263,0
2022-09-20,1.727580959143481,1
2022-09-21,5.056169369721497,1
2022-09-22,6.967637205797305,1
2022-09-23,10.035501608482921,1
2022-09-26,8.127463732085268,1
2022-09-27,7.037549259372548,1
2022-09-28,4.703259051354819,1
2022-09-29,5.9253844749681575,1
2022-09-30,5.6337910412219125,1
2022-10-03,3.931013186836648,1
2022-10-04,1.9014262451893205,1
2022-10-05,1.4474045042900352,1
2022-10-06,0.5444031037162077,0
2022-10-07,1.411592653837303,1
2022-10-10,2.961385273523004,1
2022-10-11,3.0142762235987544,1
2022-10-12,3.1873425474085333,1
2022-10-13,2.088842884122557,1
2022-10-14,4.249903502142785,1
2022-10-17,3.517145354709981,1
2022-10-18,4.361214797610299,1
2022-10-19,2.3904285182497653,1
2022-10-20,3.1508523499589653,1
2022-10-21,3.0338962700353522,1
2022-10-24,3.267636251130085,1
2022-10-25,4.2766612512092665,1
2022-10-26,0.9247012980423689,1
2022-10-27,1.5445789850007918,1
2022-10-28,1.9343006103829246,1
2022-10-31,2.5942025952216037,1
2022-11-01,2.259594821558604,1
2022-11-02,3.17495962167445,1
2022-11-03,1.8970848595396774,1
2022-11-04,0.43540356867464475,0
2022-11-07,-1.1826231653217236,-1
2022-11-08,0.7223283917887728,0
2022-11-09,4.098574003734493,1
2022-11-10,1.59145666367323,1
2022-11-11,-1.3611263554074104,-1
2022-11-14,-1.173606445236855,-1
2022-11-15,-1.1499938902447084,-1
2022-11-16,-0.8827244435970483,-1
2022-11-17,-1.4041081582689543,-1
2022-11-18,-2.3475189130846443,-1
2022-11-21,-3.2029025539054023,-1
2022-11-22,-4.65949004418027,-1
2022-11-23,-3.676000705220118,-1
2022-11-25,-5.552678069114583,-1
2022-11-28,-2.22794868415548,-1
2022-11-29,-1.9763974798490964,-1
2022-11-30,-2.8719898786767994,-1
2022-12-01,-3.1623215873034063,-1
2022-12-02,-3.120036825238941,-1
2022-12-05,-1.0379496755069613,-1
2022-12-06,1.59085913171615,1
2022-12-07,2.30038802590524,1
2022-12-08,1.0028029940737633,1
2022-12-09,3.3289037828459205,1
2022-12-12,2.607999121293728,1
2022-12-13,0.6530170310931078,0
2022-12-14,1.561544187213618,1
2022-12-15,2.8579682565025015,1
2022-12-16,1.0662876578397398,1
2022-12-19,0.9694646274114284,1
2022-12-20,1.6594696513986187,1
2022-12-21,1.973698879901647,1
2022-12-22,2.065629042018024,1
2022-12-23,0.9246645660962889,1
2022-12-27,0.6887958605811635,0
2022-12-28,3.108956260120438,1
2022-12-29,2.3428717623361957,1
2022-12-30,1.564110676509413,1
2023-01-03,2.6095026220800266,1
2023-01-04,2.210929828289808,1
2023-01-05,1.9913691913408322,1
2023-01-06,1.0202211826526781,1
2023-01-09,2.4947833012444227,1
2023-01-10,1.4501872049411118,1
2023-01-11,3.13877730995278,1
2023-01-12,1.1648772679677055,1
2023-01-13,0.2064641811314639,0
2023-01-17,1.5510931272580502,1
2023-01-18,2.132393163390366,1
2023-01-19,-0.10474573339093624,0
2023-01-20,-0.8644546265602205,-1
2023-01-23,-0.6491271534636338,0
2023-01-24,0.6964046026103944,0
2023-01-25,0.519903696834958,0
2023-01-26,-2.436741547167745,-1
2023-01-27,1.8453467323055297,1
2023-01-30,2.550888077114637,1
2023-01-31,0.596778614462958,0
2023-02-01,0.9709675112127933,1
2023-02-02,2.603149392810676,1
2023-02-03,0.08839850542506887,0
2023-02-06,0.12533100275480286,0
2023-02-07,-1.796424396610662,-1
2023-02-08,-0.8935306001567724,-1
2023-02-09,-1.0446594636795685,-1
2023-02-10,-3.5179132990999276,-1
2023-02-13,-2.9935398959480755,-1
2023-02-14,-2.2264062024566535,-1
2023-02-15,-1.9164274961869827,-1
2023-02-16,-1.2232720710406657,-1
2023-02-17,1.3228699005627231,1
2023-02-21,0.1804027104088915,0
2023-02-22,0.10388920300880933,0
2023-02-23,-0.7320840130673327,0
2023-02-24,-1.3301882868694972,-1
2023-02-27,-1.8065155560683395,-1
2023-02-28,-2.1186970699704055,-1
2023-03-01,-6.570677753739581,-1
2023-03-02,-6.899077175619808,-1
2023-03-03,-8.322939565016416,-1
2023-03-06,-6.746983467157288,-1
2023-03-07,-5.109922348224908,-1
2023-03-08,-4.6480168417024235,-1
2023-03-09,-4.858882359646831,-1
2023-03-10,-3.735040630630096,-1
2023-03-13,-0.6267312373662312,0
2023-03-14,0.14740199859288095,0
2023-03-15,6.218408761210264,1
2023-03-16,4.623835647610042,1
2023-03-17,5.600702389893951,1
2023-03-20,8.490060579640678,1
2023-03-21,3.9433734642098512,1
2023-03-22,4.686426701282131,1
2023-03-23,4.359719593726169,1
2023-03-24,4.107765221065409,1
2023-03-27,3.496133030741528,1
2023-03-28,2.82057628708169,1
2023-03-29,2.3036421459095706,1
2023-03-30,2.86715282401288,1
2023-03-31,2.250044671693931,1
2023-04-03,0.35988090061650135,0
2023-04-04,0.5481210263343558,0
2023-04-05,-0.5088152742617772,0
2023-04-06,0.4147661571906492,0
2023-04-10,1.5332975915620606,1
2023-04-11,0.4783737604969009,0
2023-04-12,0.09170060467337397,0
2023-04-13,0.43607226808720256,0
2023-04-14,0.9519846352059554,1
2023-04-17,-0.012605181179612044,0
2023-04-18,-2.722724620121028,-1
2023-04-19,-6.240878743239395,-1
2023-04-20,-7.267771361429022,-1
2023-04-21,-6.144363412044827,-1
2023-04-24,-8.771426943550862,-1
2023-04-25,-6.2177626527612855,-1
2023-04-26,-5.840531270395144,-1
2023-04-27,-7.952701686370066,-1
2023-04-28,-8.56292420631853,-1
2023-05-01,-5.845156507160435,-1
2023-05-02,-3.736856409537839,-1
2023-05-03,-1.073649906321665,-1
2023-05-04,0.3141669253977621,0
2023-05-05,-0.6995345052350064,0
2023-05-08,-1.3349690315441358,-1
2023-05-09,-0.8024410975678736,-1
2023-05-10,0.350503564093209,0
2023-05-11,0.35694144989837256,0
2023-05-12,0.04767800786601367,0
2023-05-15,-0.5228604535335559,0
2023-05-16,-0.1873193050928675,0
2023-05-17,-0.9256522384894517,-1
2023-05-18,-0.005677164337582535,0
2023-05-19,-0.5709259719991543,0
2023-05-22,0.8201687677869391,1
2023-05-23,1.4337332744713664,1
2023-05-24,0.374102413124709,0
2023-05-25,1.1042594722009667,1
2023-05-26,0.933050169057725,1
2023-05-30,1.5390375481396397,1
2023-05-31,1.9140766096685737,1
2023-06-01,1.7178904694712256,1
2023-06-02,-0.4709141839580027,0
2023-06-05,-1.6734453853517897,-1
2023-06-06,-1.475815646289481,-1
2023-06-07,-3.3907693938844026,-1
2023-06-08,-3.4985589310555603,-1
2023-06-09,-1.9220721944278156,-1
2023-06-12,-1.2645277745965247,-1
2023-06-13,-0.6938481758387857,0
2023-06-14,1.0745202654487318,1
2023-06-15,1.0064971547578478,1
2023-06-16,1.7735624630681566,1
2023-06-20,3.9154619503315917,1
2023-06-21,-0.726053157570394,0
2023-06-22,-0.10495003548812482,0
2023-06-23,2.3246116704355435,1
2023-06-26,1.66603001350338,1
2023-06-27,1.5195399729922725,1
2023-06-28,-0.6739121575791754,0
2023-06-29,-4.318879159115257,-1
2023-06-30,-4.390445508739704,-1
2023-07-03,-4.911027859163667,-1
2023-07-05,-4.114611056284049,-1
2023-07-06,0.5437539955851302,0
2023-07-07,0.46168028902632946,0
2023-07-10,0.5194890808181714,0
2023-07-11,-0.1755928145147847,0
2023-07-12,-0.8774957338687204,-1
2023-07-13,0.5606018523089675,0
2023-07-14,1.982078265714641,1
2023-07-17,3.124209361918982,1
2023-07-18,3.060805608727492,1
2023-07-19,1.976055608304008,1
2023-07-20,1.9143992260881575,1
2023-07-21,2.118626484736561,1
2023-07-24,0.9899827080429685,1
2023-07-25,1.1998361393660593,1
2023-07-26,2.7123659628028953,1
2023-07-27,2.8477234102912194,1
2023-07-28,5.086216557464327,1
2023-07-31,4.778188318883522,1
2023-08-01,1.836589062856357,1
2023-08-02,1.4586904293002052,1
2023-08-03,1.4749839451939504,1
2023-08-04,2.393438465552887,1
2023-08-07,1.635422396972812,1
2023-08-08,0.8924074977962043,1
2023-08-09,-1.0666104961921328,-1
2023-08-10,-1.9365553936530573,-1
2023-08-11,-1.7721658820168462,-1
2023-08-14,-1.317776002872226,-1
2023-08-15,1.5279314477991266,1
2023-08-16,3.1479410362364524,1
2023-08-17,1.8192331531100812,1
2023-08-18,2.1959350641120357,1
2023-08-21,2.959007230558893,1
2023-08-22,3.775976657347991,1
2023-08-23,4.000821822247564,1
2023-08-24,5.765863901636305,1
2023-08-25,3.632204191990085,1
2023-08-28,4.968671102377759,1
2023-08-29,3.8421102315756763,1
2023-08-30,5.171045289679406,1
2023-08-31,4.197516586896558,1
2023-09-01,3.442413309180914,1
2023-09-05,2.9268750838664963,1
2023-09-06,1.6161084427353103,1
2023-09-07,0.737433759972865,0
2023-09-08,-0.6408349652663224,0
2023-09-11,2.2776897729320833,1
2023-09-12,-0.9585628980814587,-1
2023-09-13,2.644678036572503,1
2023-09-14,0.603845452939833,0
2023-09-15,0.5476070506492011,0
2023-09-18,-1.1061111489194824,-1
2023-09-19,-0.8835139761755839,-1
2023-09-20,-2.889228192029407,-1
2023-09-21,-3.386522508217156,-1
2023-09-22,-4.341602736494608,-1
2023-09-25,-3.0828294352558494,-1
2023-09-26,-3.5129722239295154,-1
2023-09-27,-10.357584779325753,-1
2023-09-28,-7.352025729478369,-1
2023-09-29,-4.650842281064849,-1
2023-10-02,-3.4693269761650773,-1
2023-10-03,-2.574485504734307,-1
2023-10-04,0.8716000076584408,1
2023-10-05,1.9666240463855946,1
2023-10-06,1.8734915005179902,1
2023-10-09,-0.6745178993144377,0
2023-10-10,-0.804284157155156,-1
2023-10-11,0.8538467258895964,1
2023-10-12,0.5115797594290128,0
2023-10-13,-1.8714678312395074,-1
2023-10-16,-1.485400392730729,-1
2023-10-17,-2.0102231568839857,-1
2023-10-18,-2.5554236017337946,-1
2023-10-19,-1.5173561225369112,-1
2023-10-20,-1.4008127460371538,-1
2023-10-23,-1.5386258078577522,-1
2023-10-24,-2.0489321530926423,-1
2023-10-25,-2.7435401628274882,-1
2023-10-26,-2.926820476305103,-1
2023-10-27,-1.1257017468134574,-1
2023-10-30,-0.8279150716789383,-1
2023-10-31,-0.4776442996745431,0
2023-11-01,-0.9240899981523851,-1
2023-11-02,-6.272708683011965,-1
2023-11-03,-1.1492923346286126,-1
2023-11-06,-0.2683382845092045,0
2023-11-07,0.776752435500115,1
2023-11-08,1.2902800645161612,1
2023-11-09,1.6222260734025642,1
2023-11-10,0.7269707318113301,0
2023-11-13,0.006488604917756198,0
2023-11-14,-1.222856960826535,-1
2023-11-15,-0.5776464868964791,0
2023-11-16,0.3345489729779527,0
2023-11-17,-2.369334082796001,-1
2023-11-20,-2.8838194475002323,-1
2023-11-21,-4.15856227491009,-1
2023-11-22,-4.848447009278757,-1
2023-11-24,-4.677565786949863,-1
2023-11-27,-4.055060305275765,-1
2023-11-28,-5.399399188401077,-1
2023-11-29,-3.375586954751021,-1
2023-11-30,-1.0408104386595851,-1
2023-12-01,-1.8659565529159943,-1
2023-12-04,-0.745027864296541,0
2023-12-05,4.264698441738243,1
2023-12-06,2.7107635189090313,1
2023-12-07,3.9898983690239964,1
2023-12-08,2.809086808086942,1
2023-12-11,2.671537379333682,1
2023-12-12,3.8275803923903973,1
2023-12-13,1.2631260521298107,1
2023-12-14,-1.494370948748946,-1
2023-12-15,1.020731342814191,1
2023-12-18,1.0861059092327738,1
2023-12-19,-0.4501673781381036,0
2023-12-20,1.003046441888536,1
2023-12-21,-0.5737054278430648,0
2023-12-22,-1.627856874094795,-1
2023-12-26,-2.5584477397332615,-1
2023-12-27,-2.2300321623074195,-1
2023-12-28,-0.20165550199287566,0
2023-12-29,-1.7637193245926575,-1
2024-01-02,-5.597824254742444,-1
2024-01-03,-5.142304758559116,-1
2024-01-04,-4.318920246965056,-1
2024-01-05,-4.797191252651779,-1
2024-01-08,-2.8759777095802996,-1
2024-01-09,-0.05986417939371551,0
2024-01-10,2.8481216958090974,1
2024-01-11,3.55301223782803,1
2024-01-12,2.570191252613233,1
2024-01-16,5.829182452659006,1
2024-01-17,4.158589338446403,1
2024-01-18,5.148518252369287,1
2024-01-19,5.05239526517384,1
2024-01-22,4.654223289752781,1
2024-01-23,4.347160282961501,1
2024-01-24,2.46037670777343,1
2024-01-25,1.5216705136377848,1
2024-01-26,-0.8723456119088634,-1
2024-01-29,0.02830618345621887,0
2024-01-30,-1.8298879308646372,-1
2024-01-31,-0.9665860561537549,-1
2024-02-01,1.7683808342613103,1
2024-02-02,2.0716839596023293,1
2024-02-05,1.6055442596761575,1
2024-02-06,2.6095085719169715,1
2024-02-07,2.597151351402862,1
2024-02-08,0.6432350074991297,0
2024-02-09,3.0817503474825996,1
2024-02-12,1.3785746741849338,1
2024-02-13,2.1491053664907,1
2024-02-14,2.902043416220781,1
2024-02-15,1.8252798111033355,1
2024-02-16,0.4204851425096775,0
2024-02-20,1.9670293263306449,1
2024-02-21,1.2476708074627412,1
2024-02-22,1.5824009103596803,1
2024-02-23,2.7740526118104882,1
2024-02-26,2.971650358879005,1
2024-02-27,3.099707017168791,1
2024-02-28,3.8796638863607127,1
2024-02-29,5.3887941533524835,1
2024-03-01,4.261717372653988,1
2024-03-04,8.425611689570268,1
2024-03-05,6.80266010029802,1
2024-03-06,5.661619730434884,1
2024-03-07,6.485685470802641,1
2024-03-08,5.354602205435609,1
2024-03-11,6.4045178044792275,1
2024-03-12,6.252045287868145,1
2024-03-13,5.795455037834322,1
2024-03-14,4.84335438655425,1
2024-03-15,5.345940224457901,1
2024-03-18,6.4235684956239885,1
2024-03-19,7.82115508221338,1
2024-03-20,8.748487955513703,1
2024-03-21,9.830356663104686,1
2024-03-22,8.792942053464294,1
2024-03-25,7.982910220898908,1
2024-03-26,10.059378620536032,1
2024-03-27,7.866986296783415,1
2024-03-28,4.755674390470251,1
2024-04-01,3.579810206928807,1
2024-04-02,-0.8127535841784302,-1
2024-04-03,-0.7416095179689591,0
2024-04-04,-1.2875916850663942,-1
2024-04-05,-1.634680145706682,-1
2024-04-08,0.010506327854446525,0
2024-04-09,-0.14111668363060714,0
2024-04-10,-1.0876124111576517,-1
2024-04-11,-0.5144471522333023,0
2024-04-12,-2.5222293333786716,-1
2024-04-15,-0.03560146681869841,0
2024-04-16,-0.36288325963049356,0
2024-04-17,-2.700879669883025,-1
2024-04-18,-2.371546563965993,-1
2024-04-19,-4.053011192804077,-1
2024-04-22,-4.195680224661482,-1
2024-04-23,-5.325283240190927,-1
2024-04-24,-5.4334052062252285,-1
2024-04-25,-3.485705836215423,-1
2024-04-26,0.0,0
2024-04-29,-1.35845977030162,-1
2024-04-30,0.25747189462382397,0
2024-05-01,2.5286767901825526,1
2024-05-02,1.6672369556488986,1
2024-05-03,2.9655476851555114,1
2024-05-06,1.9655288267158149,1
2024-05-07,1.79715588795592,1
2024-05-08,0.18618812868322193,0
2024-05-09,-2.7334063342713413,-1
2024-05-10,-2.126177669944117,-1
2024-05-13,-1.5733659356001264,-1
2024-05-14,-3.342511030740441,-1
2024-05-15,-3.928107325405378,-1
2024-05-16,-0.7046289485228517,0
2024-05-17,-5.504584735450552,-1
2024-05-20,-5.839146059895272,-1
2024-05-21,-4.277618987169064,-1
2024-05-22,-1.3660193593435417,-1
2024-05-23,-0.5613034023721567,0
2024-05-24,-0.2750209688086713,0
2024-05-28,-2.143411696281297,-1
2024-05-29,-1.9781961151670937,-1
2024-05-30,-2.8948022991066673,-1
2024-05-31,-6.002933237252771,-1
2024-06-03,-3.4487804661896617,-1
2024-06-04,-1.8237701577066545,-1
2024-06-05,-0.7449614415424114,0
2024-06-06,-1.6966685518809383,-1
2024-06-07,0.7252135479164473,0
2024-06-10,0.7451044261810335,0
2024-06-11,1.3010003783952628,1
2024-06-12,2.4171814924865913,1
2024-06-13,3.1133384681154053,1
2024-06-14,3.624746101848373,1
2024-06-17,5.608479996821609,1
2024-06-18,6.514572852292232,1
2024-06-20,1.835524462851096,1
2024-06-21,1.1648384063177932,1
2024-06-24,-2.5294560192374465,-1
2024-06-25,-1.4834207540088475,-1
2024-06-26,-0.7021803492869139,0
2024-06-27,-1.0075740774479494,-1
2024-06-28,0.05875775002888624,0
2024-07-01,0.7398473393799789,0
2024-07-02,2.5100485287206418,1
2024-07-03,2.9184066969971063,1
2024-07-05,1.9885400798290822,1
2024-07-08,2.3983180392416195,1
2024-07-09,1.908099812547671,1
2024-07-10,4.101246991532178,1
2024-07-11,4.915475713083671,1
2024-07-12,4.109837639459743,1
2024-07-15,0.9044938288867264,1
2024-07-16,1.7722187705379857,1
2024-07-17,0.763861756230733,1
2024-07-18,-1.430132076198246,-1
2024-07-19,0.6291832110880343,0
2024-07-22,-0.33017335457379476,0
2024-07-23,0.5171403307903993,0
2024-07-24,0.4321136759589041,0
2024-07-25,0.28255211807276037,0
2024-07-26,0.8753048690328377,1
2024-07-29,1.6841497401643786,1
2024-07-30,-0.1795860120446735,0
2024-07-31,0.19610252233849815,0
2024-08-01,1.5660918886701285,1
2024-08-02,1.2587229030058444,1
2024-08-05,3.1034052723331196,1
2024-08-06,0.8180233159780443,1
2024-08-07,-0.5879144589312834,0
2024-08-08,-1.421476344343089,-1
2024-08-09,-1.0292860721636305,-1
2024-08-12,0.4867141383127489,0
2024-08-13,0.5179901888487471,0
2024-08-14,-1.0599670660282068,-1
2024-08-15,-0.415389279439282,0
2024-08-16,-0.17413972743938166,0
2024-08-19,-2.270121876267437,-1
2024-08-20,-0.5073667668840144,0
2024-08-21,-0.405568175731334,0
2024-08-22,-1.278748742900299,-1
2024-08-23,-0.8745811624145554,-1
2024-08-26,-4.988188550560531,-1
2024-08-27,-4.425025131847165,-1
2024-08-28,-2.9710292127198286,-1
2024-08-29,-3.8630988039604466,-1
2024-08-30,-2.792223270577289,-1
2024-09-03,-0.70627607447335,0
2024-09-04,0.2672150323032815,0
2024-09-05,1.8097545033878575,1
2024-09-06,1.680488891892007,1
2024-09-09,1.4993598504427992,1
2024-09-10,3.826928857259026,1
2024-09-11,2.8441538098235326,1
2024-09-12,0.8717727003113237,1
2024-09-13,2.416873859581685,1
2024-09-16,2.4619036690047515,1
2024-09-17,2.889497865644709,1
2024-09-18,3.531153167287778,1
2024-09-19,3.3915986692266102,1
2024-09-20,4.931072095930359,1
2024-09-23,4.037603318716775,1
2024-09-24,2.5727976199558173,1
2024-09-25,6.40929723021564,1
2024-09-26,7.72073393609534,1
2024-09-27,5.106844378623141,1
2024-09-30,3.8126607081500374,1
2024-10-01,0.23004958295413389,0
2024-10-02,-0.4371544643684402,0
2024-10-03,-1.110756050964628,-1
2024-10-04,-2.3746682778737513,-1
2024-10-07,-2.618222623101439,-1
2024-10-08,-0.6971570541527113,0
2024-10-09,-0.7910478478616377,-1
2024-10-10,-1.694688728070885,-1
2024-10-11,-2.240894015746172,-1
2024-10-14,-3.0877624929383316,-1
2024-10-15,-1.90353508267692,-1
2024-10-16,-2.0502028367180882,-1
2024-10-17,-1.9203958462983417,-1
2024-10-18,-2.7926397353425574,-1
2024-10-21,-0.9168791605644987,-1
2024-10-22,-1.0964330067052461,-1
2024-10-23,0.5635046261237813,0
2024-10-24,1.2095292732400695,1
2024-10-25,1.3243375574194183,1
2024-10-28,1.32011985179791,1
2024-10-29,2.7025275580407087,1
2024-10-30,7.9707892478250315,1
2024-10-31,8.427008752130272,1
2024-11-01,9.258256877655128,1
2024-11-04,3.5315560611607024,1
2024-11-05,0.4124654486744472,0
2024-11-06,0.19561735491634702,0
2024-11-07,1.0325690907006126,1
2024-11-08,0.9864477860756014,1
2024-11-11,0.2867988519698812,0
2024-11-12,-0.8325386923529698,-1
2024-11-13,-1.7847884856995464,-1
2024-11-14,-1.6637284702664596,-1
2024-11-15,-0.9438015955248746,-1
2024-11-18,-1.805947370944055,-1
2024-11-19,-4.704775600685824,-1
2024-11-20,-4.941983911109016,-1
2024-11-21,-7.815706833802786,-1
2024-11-22,-7.518206557894537,-1
2024-11-25,-6.253962489863751,-1
2024-11-26,-4.713258034930319,-1
2024-11-27,-4.079631482945601,-1
2024-11-29,-5.201942440615366,-1
2024-12-02,-6.819116742562533,-1
2024-12-03,-7.260827819237474,-1
2024-12-04,-6.369089865751656,-1
2024-12-05,-6.060505129481242,-1
2024-12-06,-5.571665063992314,-1
2024-12-09,-5.585928410268261,-1
2024-12-10,-5.416039940004343,-1
2024-12-11,-4.830259345687231,-1
2024-12-12,-5.101123441287856,-1
2024-12-13,-4.859852663879485,-1
2024-12-16,-0.9126000566960644,-1
2024-12-17,-0.645876657834558,0
2024-12-18,1.3711292576592031,1
2024-12-19,2.886740706285911,1
2024-12-20,4.447164854003644,1
2024-12-23,0.8368728967029159,1
2024-12-24,0.16649452955897917,0
2024-12-26,3.2378159041804113,1
2024-12-27,3.6382332873757353,1
2024-12-30,6.464711944822896,1
2024-12-31,4.185048517160717,1
2025-01-02,5.411303704955934,1
2025-01-03,3.907256824861311,1
2025-01-06,2.3365869767129697,1
2025-01-07,2.043322120970546,1
2025-01-08,2.412509715437617,1
2025-01-10,3.7632171161968415,1
2025-01-13,-1.2497313809565382,-1
2025-01-14,-0.7817659765005693,-1
2025-01-15,-1.4252516313659005,-1
2025-01-16,-3.273226261926842,-1
2025-01-17,-3.961332510468342,-1
2025-01-21,-1.1607780617299006,-1
2025-01-22,0.2601213554696769,0
2025-01-23,-1.122046821244661,-1
2025-01-24,0.15406376460737964,0
2025-01-27,0.5460092692393498,0
2025-01-28,2.4579264777878755,1
2025-01-29,-0.2567878496451132,0
2025-01-30,-0.3322323347494573,0
2025-01-31,1.8522425267860054,1
2025-02-03,2.6722060916210433,1
2025-02-04,0.8889223792006896,1
2025-02-05,1.6972408956983103,1
2025-02-06,1.9029367997800442,1
2025-02-07,1.9159131984845386,1
2025-02-10,-0.14862154124294197,0
2025-02-11,-0.6783163631474721,0
2025-02-12,1.7794655736255065,1
2025-02-13,1.6428059595866245,1
2025-02-14,-0.24685535315586976,0
2025-02-18,-1.5006201215377197,-1
2025-02-19,-2.677918125272563,-1
2025-02-20,-2.727553633446213,-1
2025-02-21,-1.0072134799075012,-1
2025-02-24,0.32169771166207006,0
2025-02-25,-0.3505353373701501,0
2025-02-26,-0.20735270729501037,0
2025-02-27,-0.9349709482632281,-1
2025-02-28,0.5024591567853436,0
2025-03-03,5.3434837503736485,1
2025-03-04,3.720884751224919,1
2025-03-05,6.8084785437872375,1
2025-03-06,5.194121026888972,1
2025-03-07,3.7947234683821,1
2025-03-10,2.204438765356693,1
2025-03-11,3.7223604007529207,1
2025-03-12,4.323087764462969,1
2025-03-13,4.382584929955373,1
2025-03-14,2.7056121732711644,1
2025-03-17,2.1254160966633653,1
2025-03-18,2.578745416305666,1
2025-03-19,1.5364861278506192,1
2025-03-20,-1.840824174718709,-1
2025-03-21,-6.115871821503586,-1
2025-03-24,-6.930904471490192,-1
2025-03-25,-9.375499363690581,-1
2025-03-26,-9.709386564935752,-1
2025-03-27,-14.092773716146464,-1
2025-03-28,-11.596149233834424,-1
2025-03-31,-16.549132671650245,-1
2025-04-01,-18.92964448924929,-1
2025-04-02,-17.612512514434872,-1
2025-04-03,-7.987736790532769,-1
2025-04-04,0.5231011464441562,0
2025-04-07,1.8177877399494249,1
2025-04-08,2.3123306930599314,1
2025-04-09,0.965462289240253,1
2025-04-10,2.5849262910381565,1
2025-04-11,1.4725931756553428,1
2025-04-14,1.2305332853630653,1
2025-04-15,0.6350826355511167,0
2025-04-16,0.3963212592110202,0
2025-04-17,-0.16958485836301998,0
2025-04-21,-0.5189489156250192,0
2025-04-22,-1.0958381745788226,-1
2025-04-23,-0.8338088213041334,-1
2025-04-24,-0.7889736271634088,-1
2025-04-25,-0.44773303373086665,0
2025-04-28,0.30239844616419953,0
2025-04-29,0.7290942641813942,0
2025-04-30,1.9107824364733992,1
2025-05-01,2.1193062875463964,1
2025-05-02,1.6765570684969342,1
2025-05-05,2.8097884064214798,1
2025-05-06,0.707562108559418,0
2025-05-07,0.0032585984184572685,0
2025-05-08,-1.477533852774193,-1
2025-05-09,-2.217190701986497,-1
2025-05-12,-2.923003239392579,-1
2025-05-13,-3.7063913989695165,-1
2025-05-14,-2.831344198303609,-1
2025-05-15,-4.309289516670513,-1
2025-05-16,-3.491320357685126,-1
2025-05-19,-1.8179886594207022,-1
2025-05-20,-2.2656805640564235,-1
2025-05-21,-1.4831332895559644,-1
2025-05-22,0.9981279286293888,1
2025-05-23,1.597679769743763,1
2025-05-27,3.297603951761453,1
2025-05-28,8.054206173234247,1
2025-05-29,7.780374034981205,1
2025-05-30,10.152927607009161,1
2025-06-02,11.491457872372003,1
2025-06-03,10.920004663835977,1
2025-06-04,12.081937033225653,1
2025-06-05,14.302282296067451,1
2025-06-06,8.732979158419525,1
2025-06-09,2.8414266944646456,1
2025-06-10,0.939165149105537,1
2025-06-11,0.47889750585780594,0
2025-06-12,-0.258969534761826,0
2025-06-13,-3.1195540608052084,-1
2025-06-16,-2.290252547140242,-1
2025-06-17,-2.0351876688023776,-1
2025-06-18,-0.6843208756032961,0
2025-06-20,-2.7486153127299495,-1
2025-06-23,2.162862280022063,1
2025-06-24,3.410356957338397,1
2025-06-25,3.194636474626109,1
2025-06-26,2.7706077193460734,1
2025-06-27,2.3873542625311894,1
2025-06-30,2.715808104292192,1
2025-07-01,1.7004750484155426,1
2025-07-02,0.3252655460929155,0
2025-07-03,-2.29026235764287,-1
2025-07-07,-1.5647913211327564,-1
2025-07-08,-2.901581166396025,-1
2025-07-09,-1.9423680743289198,-1
2025-07-10,-2.662985451267895,-1
2025-07-11,-3.2288431599141987,-1
2025-07-14,-1.6587678040592473,-1
2025-07-15,-0.01900996806338573,0
2025-07-16,-0.22196615290206817,0
2025-07-17,-0.013508717108320282,0
2025-07-18,1.3875656838630315,1
2025-07-21,-0.38818522345749934,0
2025-07-22,-0.739818984831243,0
2025-07-23,-2.465238091186035,-1
2025-07-24,-3.158985900952441,-1
2025-07-25,-2.394417839021517,-1
2025-07-28,-3.775395833380697,-1
2025-07-29,-4.398355838545716,-1
2025-07-30,-2.7197979822450304,-1
2025-07-31,-2.672114337661633,-1
2025-08-01,-1.3865896407281908,-1
2025-08-04,0.32107523105299185,0
2025-08-05,0.9010121916321632,1
2025-08-06,2.355742929612134,1
2025-08-07,3.6488342100039177,1
2025-08-08,4.9494915934392925,1
2025-08-11,5.886095889068644,1
2025-08-12,5.838530116406353,1
2025-08-13,6.593111223217806,1
2025-08-14,6.119853086309596,1
2025-08-15,6.848923696659103,1
2025-08-18,7.83248046552862,1
2025-08-19,6.040945220383469,1
2025-08-20,4.981718102911521,1
2025-08-21,0.0,0
2025-08-22,-1.9576626532045731,-1
2025-08-25,-1.217093655980387,-1
2025-08-26,1.430322620616751,1
2025-08-27,-0.7916449465644408,-1
2025-08-28,-1.6038784887412207,-1
2025-08-29,-2.841024424049347,-1
2025-09-02,-0.01536690073332195,0
2025-09-03,5.430561345785629,1
2025-09-04,1.1916929007028587,1
2025-09-05,2.9296869279674778,1
2025-09-08,1.3206497428053157,1
2025-09-09,2.1834271528713716,1
2025-09-10,1.3238935811292005,1
2025-09-11,2.066795262967996,1
2025-09-12,3.1175029119262403,1
2025-09-15,1.1611742318130882,1
2025-09-16,-1.2013303484428133,-1
2025-09-17,-1.82648759110159,-1
2025-09-18,-1.7614045277529315,-1
2025-09-19,0.27965726391968043,0
2025-09-22,1.8817912512298163,1
2025-09-23,0.2520784851871787,0
2025-09-24,-0.4012238838914751,0
2025-09-25,-2.149944878958317,-1
2025-09-26,-5.1092155958788625,-1
2025-09-29,-1.533318786364334,-1
2025-09-30,-0.2755841604207349,0
2025-10-01,-0.2459618213149195,0
2025-10-02,-0.4279247876508776,0
2025-10-03,-0.6744649736529523,0
2025-10-06,-0.9107720419567684,-1
2025-10-07,-0.9456888021380288,-1
2025-10-08,0.4545833695777879,0
2025-10-09,2.0583457410147687,1
2025-10-10,3.22292852796704,1
2025-10-13,2.601219332060885,1
2025-10-14,2.0602969554379778,1
2025-10-15,3.880285418425881,1
2025-10-16,3.287607677830177,1
2025-10-17,1.670769569774477,1
2025-10-20,0.8743175591267549,1
2025-10-21,1.2155301209090918,1
2025-10-22,-0.8608660641304001,-1
2025-10-23,-1.060762377377569,-1
2025-10-24,1.340803450750466,1
2025-10-27,2.0680647445194085,1
2025-10-28,4.6274442978285615,1
2025-10-29,1.4972351521791307,1
2025-10-30,3.751536193890838,1
2025-10-31,4.903618104483928,1
2025-11-03,4.310324893223509,1
2025-11-04,5.045076032829586,1
2025-11-05,4.003257338484064,1
2025-11-06,3.5884085902411247,1
2025-11-07,0.9309452071683583,1
2025-11-10,-0.9376639312150145,-1
2025-11-11,-3.146104814188057,-1
2025-11-12,-1.7660338037020147,-1
2025-11-13,-1.2877888223228984,-1
2025-11-14,-2.091033234571175,-1
2025-11-17,-1.8133445560120112,-1
2025-11-18,-0.8670154766610765,-1
2025-11-19,-0.14766105718651393,0
2025-11-20,-0.3077893141376935,0
2025-11-21,-0.6987354833312585,0
2025-11-24,1.735677818421987,1
2025-11-25,3.8549651536289145,1
2025-11-26,3.8750920769519714,1
2025-11-28,2.4511539774187536,1
2025-12-01,0.9097088005741947,1
2025-12-02,2.1053470001854437,1
2025-12-03,-0.03583404987036117,0
